Dates,IVV US Equity,IVV AU Equity,ECRPUS 1Y Index,SPXSFRCS Index,FDTRFTRL Index,USCRWTIC Index,XAU Curncy,JPYUSD Curncy,DXY Curncy,VIX Index
1/1/2020,323.24,461.43,30,3318,1.5,61.06,1517.29,0.009195,96.445,13.78
1/2/2020,326.32,462.93,30,3318,1.5,61.18,1529.13,0.009211,96.846,12.47
1/3/2020,323.81,464.92,30,3318,1.5,63.05,1552.2,0.00925,96.838,14.02
1/6/2020,325.09,465.5,30,3318,1.5,63.27,1565.74,0.009228,96.671,13.85
1/7/2020,324.2,469.82,30,3318,1.5,62.7,1574.37,0.009222,97.005,13.79
1/8/2020,325.85,470.25,30,3318,1.5,59.61,1556.42,0.009164,97.299,13.45
1/9/2020,328.05,475.72,30,3318,1.5,59.56,1552.32,0.00913,97.45,12.54
1/10/2020,327.14,478.42,30,3318,1.5,59.04,1562.34,0.009136,97.356,12.56
1/13/2020,329.43,474.25,30,3318,1.5,58.08,1547.88,0.009095,97.345,12.32
1/14/2020,328.92,477.56,30,3318,1.5,58.23,1546.39,0.009091,97.372,12.39
1/15/2020,329.66,476.32,30,3318,1.5,57.81,1556.25,0.009099,97.229,12.42
1/16/2020,332.4,478.61,30,3318,1.5,58.52,1552.51,0.009077,97.32,12.32
1/17/2020,333.5,482,30,3318,1.5,58.54,1557.24,0.009078,97.606,12.1
1/20/2020,333.5,484.2,30,3318,1.5,58.54,1560.77,0.009076,97.606,12.1
1/21/2020,332.78,483.49,30,3355,1.5,58.34,1558.17,0.009101,97.531,12.85
1/22/2020,332.85,488.64,30,3355,1.5,56.64,1558.78,0.009104,97.527,12.91
1/23/2020,333.26,483.99,30,3355,1.5,55.5,1562.94,0.009133,97.693,12.98
1/24/2020,330.23,487.54,30,3355,1.5,54.12,1571.53,0.009151,97.853,14.56
1/27/2020,324.87,487.54,30,3355,1.5,53.14,1582.06,0.009183,97.956,18.23
1/28/2020,328.33,482.74,30,3355,1.5,53.48,1567.17,0.009162,98.018,16.28
1/29/2020,328.1,486.84,30,3355,1.5,53.33,1576.83,0.009173,97.991,16.39
1/30/2020,329.09,484,30,3355,1.5,52.14,1574.28,0.00918,97.867,15.49
1/31/2020,323.24,491.39,30,3355,1.5,51.56,1589.16,0.009228,97.39,18.84
2/3/2020,325.56,486.23,30,3355,1.5,50.11,1576.73,0.009202,97.8,17.97
2/4/2020,330.61,487.89,30,3355,1.5,49.61,1552.92,0.00913,97.961,16.05
2/5/2020,334.29,490.61,30,3355,1.5,50.75,1556.02,0.009105,98.301,15.15
2/6/2020,335.57,497.73,30,3355,1.5,50.95,1566.66,0.009091,98.496,14.96
2/7/2020,333.75,498.94,30,3355,1.5,50.32,1570.44,0.009112,98.684,15.47
2/10/2020,336.22,498,30,3355,1.5,49.57,1572.15,0.00911,98.832,15.04
2/11/2020,336.84,502.66,30,3355,1.5,49.94,1567.89,0.009109,98.721,15.18
2/12/2020,339,501.73,30,3355,1.5,51.17,1566.06,0.009083,99.049,13.74
2/13/2020,338.58,502.99,30,3355,1.5,51.42,1576,0.009105,99.067,14.15
2/14/2020,339.07,505.65,25,3355,1.5,52.05,1584.06,0.009109,99.124,13.68
2/17/2020,339.07,505.58,25,3355,1.5,52.05,1581.13,0.009101,99.003,13.68
2/18/2020,338.26,505.93,25,3355,1.5,52.05,1601.61,0.009102,99.44,14.83
2/19/2020,339.88,506.81,25,3355,1.5,53.29,1611.7,0.00898,99.705,14.38
2/20/2020,338.49,510.5,25,3342,1.5,53.78,1619.56,0.008921,99.865,15.56
2/21/2020,335.01,510.41,25,3342,1.5,53.3,1643.41,0.008964,99.262,17.08
2/24/2020,323.83,500.31,25,3342,1.5,51.33,1659.38,0.009032,99.359,25.03
2/25/2020,314.12,493.96,25,3342,1.5,49.76,1635.14,0.009074,98.968,27.85
2/26/2020,312.91,479.51,25,3342,1.5,48.73,1640.96,0.009056,98.996,27.56
2/27/2020,298.71,469.81,25,3342,1.5,47.09,1645.01,0.009125,98.508,39.16
2/28/2020,295.91,449.76,25,3342,1.5,44.76,1585.69,0.00925,98.132,40.11
3/2/2020,310.4,456.63,25,3342,1.5,46.75,1589.44,0.009232,97.36,33.42
3/3/2020,301.5,469.88,25,3342,1,47.18,1640.9,0.009336,97.153,36.82
3/4/2020,314.75,462,25,3342,1,46.78,1636.93,0.009299,97.336,31.99
3/5/2020,303.76,469.33,25,3342,1,45.9,1672.23,0.009419,96.82,39.62
3/6/2020,298.7,453.12,25,3342,1,41.28,1673.83,0.009485,95.951,41.94
3/9/2020,274.8,433.2,25,3342,1,31.13,1680.47,0.009768,94.895,54.46
3/10/2020,289.55,434.38,25,3342,1,34.36,1649.4,0.009466,96.414,47.3
3/11/2020,275.47,431.06,25,3342,1,32.98,1635.04,0.009571,96.507,53.9
3/12/2020,248.96,413.5,25,3342,1,31.5,1576.15,0.009557,97.468,75.47
3/13/2020,271.55,400.57,40,3342,1,31.73,1529.83,0.009273,98.749,57.83
3/16/2020,240.12,408,40,3342,0,28.7,1514.1,0.009444,98.069,82.69
3/17/2020,255.39,413,40,3342,0,26.95,1528.3,0.009289,99.575,75.91
3/18/2020,241.17,402.61,40,3176,0,20.37,1486.05,0.009252,101.16,76.45
3/19/2020,242.06,417.98,40,3176,0,25.22,1471.24,0.009033,102.755,72
3/20/2020,231.16,413.28,40,3176,0,22.43,1498.65,0.009027,102.817,66.04
3/23/2020,224.65,388.49,40,3176,0,20.36,1553.23,0.00899,102.487,61.59
3/24/2020,245.88,393.06,40,3176,0,20.01,1632.32,0.008991,102.039,61.67
3/25/2020,247.47,406.38,40,3176,0,18.99,1616.9,0.008992,101.05,63.95
3/26/2020,262.37,417,40,3039,0,22.6,1631.34,0.009125,99.352,61
3/27/2020,254.24,421.61,40,3039,0,21.51,1628.16,0.009262,98.365,65.54
3/30/2020,262.36,416.5,40,3039,0,20.09,1622.51,0.009274,99.181,57.08
3/31/2020,258.4,424.26,40,3039,0,20.48,1577.18,0.009299,99.048,53.54
4/1/2020,246.8,414.3,40,3039,0,20.31,1591.51,0.009331,99.673,57.06
4/2/2020,252.59,409.41,40,3039,0,24.79,1613.99,0.009267,100.18,50.91
4/3/2020,249.02,410.76,40,3039,0,28.34,1620.81,0.009214,100.576,46.8
4/6/2020,265.8,429.42,40,3039,0,26.08,1660.97,0.009154,100.685,45.24
4/7/2020,265.91,433.8,40,3039,0,23.63,1647.72,0.009194,99.9,46.7
4/8/2020,275,433.57,40,3039,0,25.09,1646.14,0.009188,100.119,43.35
4/9/2020,279.12,443.69,52.5,3039,0,22.76,1683.73,0.009217,99.517,41.67
4/10/2020,279.12,443.69,100,3039,0,22.76,1696.65,0.009222,99.482,41.67
4/13/2020,276.44,443.69,100,3039,0,22.41,1715.34,0.00928,99.348,41.17
4/14/2020,284.83,437.5,100,3039,0,20.11,1726.97,0.009327,98.887,37.76
4/15/2020,278.57,444.72,100,2960,0,19.87,1717.03,0.009307,99.461,40.84
4/16/2020,280.05,444.87,100,2960,0,19.87,1717.7,0.009265,100.025,40.11
4/17/2020,287.58,453.98,100,2960,0,18.27,1682.82,0.009299,99.782,38.15
4/20/2020,282.46,451.78,100,2960,0,-37.63,1695.65,0.009291,99.955,43.83
4/21/2020,273.86,444.02,100,2960,0,10.01,1686.2,0.00928,100.258,45.41
4/22/2020,280.06,436.9,100,2960,0,12.28,1714.08,0.009281,100.388,41.98
4/23/2020,279.98,441.65,100,2960,0,15.75,1730.51,0.009292,100.433,41.38
4/24/2020,283.9,437.4,100,2960,0,16.04,1729.6,0.009302,100.38,35.93
4/27/2020,288.19,444.28,100,2960,0,12.78,1713.99,0.009325,100.041,33.29
4/28/2020,286.64,445.85,100,2960,0,12.34,1707.79,0.009357,99.865,33.57
4/29/2020,294.13,444.08,100,2960,0,15.06,1713.41,0.009374,99.565,31.23
4/30/2020,291.16,451.86,100,2960,0,18.84,1686.5,0.009329,99.016,34.15
5/1/2020,283.53,443.84,100,2960,0,19.78,1700.42,0.009354,99.079,37.19
5/4/2020,284.63,441.07,100,2960,0,20.39,1702.07,0.00937,99.484,35.97
5/5/2020,287.14,441.96,100,2960,0,24.56,1705.92,0.009382,99.709,33.61
5/6/2020,285.25,447.38,100,2960,0,23.99,1685.71,0.009423,100.091,34.12
5/7/2020,288.63,445.12,100,2960,0,23.55,1716.06,0.009409,99.889,31.44
5/8/2020,293.46,448.63,100,2960,0,24.48,1702.7,0.009378,99.734,27.98
5/11/2020,293.45,449.99,100,2960,0,24.14,1697.93,0.009288,100.236,27.57
5/12/2020,287.47,450.71,100,2960,0,25.78,1702.7,0.009333,99.933,33.04
5/13/2020,282.54,443.41,100,2960,0,25.29,1716.28,0.009343,100.242,35.28
5/14/2020,285.92,437.12,100,2960,0,27.56,1730.3,0.009324,100.466,32.61
5/15/2020,287.16,441.85,100,2960,0,29.43,1743.67,0.00934,100.402,31.89
5/18/2020,296.04,449.39,100,2933,0,31.82,1732.55,0.009318,99.665,29.3
5/19/2020,292.99,453.93,100,2933,0,32.5,1745.05,0.009285,99.371,30.53
5/20/2020,297.99,449.42,100,2933,0,33.79,1748.18,0.0093,99.124,27.99
5/21/2020,295.81,452,100,2933,0,34.17,1727,0.009293,99.37,29.53
5/22/2020,296.41,447.75,100,2933,0,33.55,1734.68,0.009291,99.863,28.16
5/25/2020,296.41,455.98,100,2933,0,33.55,1731.95,0.009284,99.863,28.16
5/26/2020,300.17,459.88,100,2933,0,34.35,1710.58,0.009299,98.908,28.01
5/27/2020,304.55,455.55,100,2933,0,32.81,1709.47,0.009283,99.062,27.62
5/28/2020,303.95,462.75,100,2933,0,33.71,1718.33,0.00929,98.383,28.59
5/29/2020,305.18,457.09,100,2933,0,35.49,1730.27,0.009275,98.344,27.51
6/1/2020,306.68,453.01,100,2933,0,35.44,1739.55,0.009295,97.83,28.23
6/2/2020,309.23,450.26,100,2933,0,36.81,1727.7,0.009201,97.673,26.84
6/3/2020,313.39,447.36,100,2933,0,37.29,1699.67,0.009182,97.276,25.66
6/4/2020,312.34,452.18,100,2933,0,37.41,1714.01,0.009162,96.677,25.81
6/5/2020,320.48,450.19,100,2933,0,39.55,1685.06,0.009125,96.937,24.52
6/8/2020,324.4,450.19,100,2933,0,38.19,1698.53,0.009223,96.618,25.81
6/9/2020,322.01,463.3,100,2933,0,38.94,1715.33,0.00928,96.324,27.57
6/10/2020,320.11,462.37,100,2933,0,39.6,1738.7,0.009335,95.959,27.57
6/11/2020,301.59,455.57,100,2933,0,36.34,1727.7,0.009357,96.733,40.79
6/12/2020,305.36,446.19,100,2933,0,36.26,1730.75,0.009313,97.319,36.09
6/15/2020,306.89,435.45,100,2933,0,37.12,1725.16,0.009317,96.706,34.4
6/16/2020,312.79,449.62,100,2933,0,38.38,1726.53,0.009318,96.958,33.67
6/17/2020,311.38,455.64,100,2999,0,37.96,1726.95,0.009345,97.158,33.47
6/18/2020,311.62,452.86,100,2999,0,38.84,1722.93,0.009349,97.421,32.94
6/19/2020,309.72,455.89,100,2999,0,39.75,1743.87,0.009356,97.623,35.12
6/22/2020,311.94,450.55,100,2999,0,40.46,1754.43,0.009354,97.039,31.77
6/23/2020,313.21,453.5,100,2999,0,40.27,1768.41,0.009387,96.646,31.37
6/24/2020,305.3,453.03,100,2999,0,37.91,1761.17,0.009342,97.148,33.84
6/25/2020,308.5,445,100,2999,0,38.67,1763.79,0.009329,97.429,32.22
6/26/2020,301.14,448.96,100,2999,0,38.49,1771.29,0.009327,97.433,34.73
6/29/2020,305.66,439.96,100,2999,0,39.7,1772.82,0.009296,97.536,31.78
6/30/2020,309.69,446.37,100,2999,0,39.27,1780.96,0.009265,97.391,30.43
7/1/2020,311.81,447.69,100,2999,0,39.82,1770.09,0.009305,97.196,28.62
7/2/2020,313.45,450.78,100,2999,0,40.65,1775.38,0.009302,97.317,27.68
7/3/2020,313.45,453.18,100,2999,0,40.65,1775.95,0.009302,97.172,27.68
7/6/2020,318.26,455.05,100,2999,0,40.63,1784.68,0.009311,96.725,27.94
7/7/2020,314.98,455.59,100,2999,0,40.62,1794.86,0.009301,96.881,29.43
7/8/2020,317.33,452.9,100,2999,0,40.9,1808.89,0.009323,96.428,28.08
7/9/2020,315.72,454.08,100,2999,0,39.62,1803.55,0.009328,96.7,29.26
7/10/2020,318.9,451.79,100,2999,0,40.55,1798.7,0.009353,96.652,27.29
7/13/2020,316.07,460.2,100,2999,0,40.1,1802.76,0.00932,96.464,32.19
7/14/2020,320.17,455.55,100,2999,0,40.29,1809.36,0.009325,96.259,29.52
7/15/2020,323.16,460.05,100,2999,0,41.2,1810.29,0.009352,96.081,27.76
7/16/2020,322.04,459.95,100,2999,0,40.75,1797.16,0.009322,96.346,28
7/17/2020,322.99,460,100,3108,0,40.59,1810.42,0.009343,95.942,25.68
7/20/2020,325.66,459.83,100,3108,0,40.81,1817.77,0.009322,95.832,24.46
7/21/2020,326.25,465.29,100,3108,0,41.96,1841.91,0.009363,95.117,24.84
7/22/2020,328.17,456.87,100,3108,0,41.85,1871.41,0.009332,94.988,24.32
7/23/2020,324.2,459.1,100,3108,0,41.02,1887.44,0.009358,94.692,26.08
7/24/2020,322.13,455.11,100,3108,0,41.14,1902.02,0.009422,94.435,25.84
7/27/2020,324.5,452.48,100,3108,0,41.6,1942.24,0.00949,93.668,24.74
7/28/2020,322.5,454.54,100,3108,0,41.04,1958.43,0.009516,93.696,25.44
7/29/2020,326.38,449.36,100,3108,0,41.27,1970.79,0.009531,93.453,24.1
7/30/2020,325.26,455,100,3108,0,39.92,1956.64,0.009548,93.021,24.76
7/31/2020,327.82,452.1,100,3108,0,40.27,1975.86,0.009447,93.349,24.46
8/3/2020,330.11,458.58,100,3108,0,41.01,1976.98,0.009438,93.542,24.28
8/4/2020,331.3,462.99,100,3108,0,41.7,2019.21,0.009459,93.382,23.76
8/5/2020,333.45,461.88,100,3108,0,42.19,2038.12,0.00947,92.868,22.99
8/6/2020,335.71,462.2,100,3108,0,41.95,2063.54,0.009474,92.788,22.65
8/7/2020,335.95,464.25,100,3108,0,41.22,2035.55,0.00944,93.435,22.21
8/10/2020,336.96,469.45,100,3108,0,41.94,2027.34,0.009437,93.582,22.13
8/11/2020,334.14,470.91,100,3108,0,41.61,1911.89,0.00939,93.628,24.03
8/12/2020,338.8,471.27,100,3108,0,42.67,1915.83,0.009355,93.443,22.28
8/13/2020,338.22,471.38,100,3108,0,42.24,1953.71,0.009352,93.335,22.13
8/14/2020,338.19,473.68,100,3108,0,42.01,1945.12,0.009381,93.096,22.05
8/17/2020,339.28,471.08,100,3108,0,42.89,1985.3,0.009434,92.851,21.35
8/18/2020,340,469.72,100,3198,0,42.89,2002.44,0.009487,92.271,21.51
8/19/2020,338.62,469.58,100,3198,0,42.93,1928.98,0.009423,92.887,22.54
8/20/2020,339.66,469.25,100,3198,0,42.58,1947.26,0.009452,92.793,22.72
8/21/2020,340.85,472.17,100,3198,0,42.19,1940.48,0.009451,93.247,22.54
8/24/2020,344.35,476.19,100,3198,0,42.47,1928.88,0.009436,93.298,22.37
8/25/2020,345.49,481.94,100,3198,0,43.15,1928.18,0.009399,93.019,22.03
8/26/2020,349,480.09,100,3198,0,43.39,1954.46,0.009435,93.006,23.27
8/27/2020,349.76,481.97,100,3198,0,43.04,1929.54,0.009384,93.001,24.47
8/28/2020,352,481.88,100,3198,0,42.97,1964.83,0.009491,92.371,22.96
8/31/2020,350.77,480.26,100,3198,0,42.61,1967.8,0.009442,92.144,26.41
9/1/2020,354.06,475.02,100,3198,0,42.76,1970.18,0.009438,92.338,26.12
9/2/2020,359.24,483.09,100,3198,0,41.51,1942.92,0.009417,92.847,26.57
9/3/2020,346.82,490.54,100,3198,0,41.37,1930.91,0.009417,92.739,33.6
9/4/2020,343.98,476.21,100,3198,0,39.77,1933.94,0.009413,92.719,30.75
9/7/2020,343.98,469.21,100,3198,0,39.77,1933.64,0.00941,92.719,30.75
9/8/2020,334.63,473.24,100,3198,0,36.76,1932.03,0.009431,93.445,31.46
9/9/2020,341.18,464.47,100,3198,0,38.05,1946.84,0.009418,93.255,28.81
9/10/2020,335.22,469.73,100,3198,0,37.3,1946.09,0.009422,93.336,29.71
9/11/2020,335.38,463.88,60,3198,0,37.33,1940.55,0.009419,93.333,26.87
9/14/2020,339.84,465.6,50,3198,0,37.26,1956.86,0.009458,93.052,25.85
9/15/2020,341.57,465.11,50,3198,0,38.28,1954.15,0.009484,93.05,25.59
9/16/2020,340.21,467.86,50,3286,0,40.16,1959.26,0.009529,93.214,26.04
9/17/2020,337.29,461.53,50,3286,0,40.97,1944.44,0.009547,92.97,26.46
9/18/2020,333.34,460.86,50,3286,0,41.11,1950.86,0.009563,92.926,25.83
9/21/2020,329.63,454.44,50,3286,0,39.31,1912.51,0.009556,93.656,27.78
9/22/2020,332.97,456.44,50,3286,0,39.6,1900.21,0.00953,93.988,26.86
9/23/2020,323.75,467.52,50,3286,0,39.73,1863.34,0.009491,94.389,28.58
9/24/2020,324.6,461.1,50,3286,0,40.16,1868.07,0.009487,94.354,28.51
9/25/2020,329.88,463.5,50,3286,0,40.1,1861.58,0.009472,94.642,26.38
9/28/2020,335.36,473.32,50,3286,0,40.6,1881.48,0.009479,94.278,26.19
9/29/2020,333.51,477,50,3286,0,39.29,1898.07,0.009465,93.891,26.27
9/30/2020,336.06,466.97,50,3286,0,40.22,1885.82,0.009483,93.886,26.37
10/1/2020,338.24,470.54,50,3286,0,38.72,1906.01,0.009475,93.711,26.7
10/2/2020,335.05,465.23,50,3286,0,37.05,1899.84,0.009497,93.844,27.63
10/5/2020,340.9,469.32,50,3286,0,39.22,1913.53,0.009457,93.513,27.96
10/6/2020,336.06,473.7,50,3286,0,40.67,1878.18,0.009467,93.686,29.48
10/7/2020,341.9,473.69,50,3286,0,39.95,1887.42,0.009436,93.63,28.06
10/8/2020,344.98,480.49,50,3286,0,41.19,1893.82,0.009431,93.605,26.36
10/9/2020,348.01,482.99,35,3286,0,40.6,1930.4,0.009469,93.057,25
10/12/2020,353.69,483.03,30,3286,0,39.43,1922.77,0.009494,93.065,25.07
10/13/2020,351.39,491.31,30,3286,0,40.2,1891.36,0.009481,93.531,26.07
10/14/2020,349.19,491.92,30,3286,0,41.04,1901.52,0.009509,93.382,26.4
10/15/2020,348.76,491.86,30,3286,0,40.96,1908.71,0.009484,93.856,26.97
10/16/2020,348.45,493.05,30,3348,0,40.88,1899.29,0.009488,93.682,27.41
10/19/2020,343.22,493.38,30,3348,0,40.83,1904.08,0.009485,93.427,29.18
10/20/2020,344.57,489.29,30,3348,0,41.46,1906.95,0.009478,93.067,29.35
10/21/2020,343.9,489.56,30,3348,0,39.83,1924.33,0.009562,92.611,28.65
10/22/2020,345.86,482.11,30,3348,0,40.47,1904.11,0.009535,92.951,28.11
10/23/2020,346.96,486.84,30,3348,0,39.67,1902.05,0.009548,92.768,27.55
10/26/2020,340.59,483.67,30,3348,0,38.56,1902.08,0.009539,93.045,32.46
10/27/2020,339.43,478.04,30,3348,0,39.57,1907.99,0.009577,92.94,33.35
10/28/2020,327.88,472.42,30,3348,0,37.39,1877.19,0.009586,93.405,40.28
10/29/2020,331.15,468.95,30,3348,0,36.17,1867.59,0.009559,93.955,37.59
10/30/2020,327.62,465.84,30,3348,0,35.79,1878.81,0.009555,94.038,38.02
11/2/2020,331.36,468.8,30,3348,0,36.81,1895.48,0.009546,94.129,37.13
11/3/2020,337.28,472.93,30,3348,0,37.66,1909.17,0.009569,93.553,35.55
11/4/2020,344.73,479.11,30,3348,0,39.15,1902.92,0.009568,93.407,29.57
11/5/2020,351.47,485.09,30,3348,0,38.79,1949.66,0.009661,92.525,27.58
11/6/2020,351.44,480.53,30,3348,0,37.14,1951.35,0.009675,92.229,24.86
11/9/2020,355.83,489.96,30,3348,0,40.29,1863.04,0.009489,92.725,25.75
11/10/2020,355.37,484.44,30,3348,0,41.36,1877.32,0.009499,92.749,24.8
11/11/2020,357.93,486.79,30,3348,0,41.45,1865.73,0.009485,93.043,23.45
11/12/2020,354.52,488.7,30,3348,0,41.12,1876.83,0.009512,92.963,25.35
11/13/2020,359.34,490.54,25,3348,0,40.13,1889.2,0.009559,92.755,23.1
11/16/2020,363.8,495.73,25,3348,0,41.34,1888.95,0.009563,92.642,22.45
11/17/2020,361.95,494.15,25,3420,0,41.43,1880.38,0.009599,92.416,22.71
11/18/2020,357.59,495.5,25,3420,0,41.82,1872.24,0.009634,92.316,23.84
11/19/2020,359.04,490.36,25,3420,0,41.74,1866.54,0.009638,92.294,23.11
11/20/2020,356.63,490.26,25,3420,0,42.15,1870.99,0.009628,92.392,23.7
11/23/2020,358.77,489.13,25,3420,0,42.88,1837.86,0.009565,92.505,22.66
11/24/2020,364.51,494.14,25,3420,0,44.71,1807.59,0.009575,92.226,21.64
11/25/2020,363.99,496.29,25,3420,0,45.51,1807.56,0.009573,91.994,21.25
11/26/2020,363.99,494.95,25,3420,0,45.51,1815.8,0.009591,91.994,21.25
11/27/2020,364.98,493.17,25,3420,0,45.51,1787.79,0.009608,91.79,20.84
11/30/2020,363.32,490.82,25,3420,0,45.34,1776.95,0.009586,91.869,20.57
12/1/2020,367.32,497.34,25,3420,0,44.55,1815.24,0.009586,91.313,20.77
12/2/2020,368.1,496.75,25,3420,0,45.28,1831.28,0.009578,91.118,21.17
12/3/2020,368.03,496.03,25,3420,0,45.64,1841.08,0.00963,90.714,21.28
12/4/2020,371.19,495.98,25,3420,0,46.26,1838.86,0.009598,90.701,20.79
12/7/2020,370.5,498.23,25,3420,0,45.76,1862.73,0.009611,90.792,21.3
12/8/2020,371.53,497.48,25,3420,0,45.6,1870.56,0.0096,90.965,20.68
12/9/2020,368.28,500.41,25,3420,0,45.52,1839.55,0.009594,91.087,22.27
12/10/2020,368.08,493.04,25,3420,0,46.78,1836.57,0.009595,90.824,22.52
12/11/2020,367.62,487.24,20,4035,0,46.57,1839.85,0.009615,90.976,23.31
12/14/2020,364.35,490.01,20,4035,0,46.99,1827.35,0.009611,90.711,24.72
12/15/2020,369.31,487.62,20,4035,0,47.62,1853.64,0.009647,90.473,22.89
12/16/2020,369.9,490.54,20,4035,0,47.82,1864.8,0.009668,90.45,22.5
12/17/2020,371.96,490.44,20,4035,0,48.36,1885.42,0.009701,89.822,21.93
12/18/2020,370.49,490.97,20,4035,0,49.1,1881.35,0.00968,90.016,21.57
12/21/2020,369.27,492.26,20,4035,0,47.74,1876.89,0.009681,90.043,25.16
12/22/2020,368.56,488.61,20,4035,0,46.9,1860.84,0.009651,90.654,24.23
12/23/2020,368.88,487.26,20,4035,0,47.97,1872.89,0.009657,90.413,23.31
12/24/2020,370.31,486.91,20,4035,0,48.08,1883.46,0.009647,90.323,21.53
12/25/2020,370.31,486.91,20,4035,0,48.08,1883.46,0.009669,90.223,21.53
12/28/2020,373.53,486.91,20,4035,0,47.62,1873.69,0.009636,90.337,21.7
12/29/2020,372.81,493.41,20,4035,0,48,1878.18,0.009659,89.994,23.08
12/30/2020,373.3,488.72,20,4035,0,48.4,1894.39,0.009689,89.68,22.77
12/31/2020,375.39,485.33,20,4035,0,48.52,1898.36,0.009679,89.937,22.75
1/1/2021,375.39,485.33,20,4035,0,48.52,1898.67,0.00969,89.937,22.75
1/4/2021,370.22,487.85,20,4035,0,47.62,1942.9,0.009696,89.869,26.97
1/5/2021,372.67,480.92,20,4035,0,49.93,1950.01,0.009735,89.436,25.34
1/6/2021,374.92,477.14,20,4035,0,50.63,1918.61,0.009704,89.53,25.07
1/7/2021,380.47,482.91,20,4035,0,50.83,1913.95,0.009632,89.826,22.37
1/8/2021,382.64,491.4,20,4035,0,52.24,1849.01,0.009619,90.098,21.56
1/11/2021,380.14,494.03,20,4035,0,52.25,1843.89,0.009593,90.465,24.08
1/12/2021,380.2,494.14,20,4035,0,53.21,1854.77,0.009638,90.093,23.33
1/13/2021,381.16,490.96,20,4035,0,52.91,1845.51,0.009627,90.355,22.21
1/14/2021,379.84,493.42,20,4035,0,53.57,1846.53,0.009634,90.239,23.25
1/15/2021,377.1,487.45,20,4035,0,52.36,1828.45,0.009627,90.772,24.34
1/18/2021,377.1,489.51,20,4035,0,52.36,1841.26,0.009644,90.765,24.34
1/19/2021,380.05,492.05,20,4035,0,52.98,1840.28,0.009624,90.498,23.24
1/20/2021,385.28,492.33,20,4074,0,53.24,1871.84,0.009658,90.475,21.58
1/21/2021,385.62,497.6,20,4074,0,53.09,1870.02,0.009663,90.131,21.32
1/22/2021,384.31,496.7,20,4074,0,52.25,1855.61,0.009637,90.238,21.91
1/25/2021,385.84,498.85,20,4074,0,52.75,1855.93,0.009638,90.391,23.19
1/26/2021,385.27,498.85,20,4074,0,52.61,1850.92,0.00965,90.17,23.02
1/27/2021,375.87,496.83,20,4074,0,52.85,1843.98,0.009605,90.647,37.21
1/28/2021,379.05,490.56,20,4074,0,52.34,1843.17,0.009591,90.455,30.21
1/29/2021,371.52,490.39,20,4074,0,52.2,1847.65,0.009549,90.584,33.09
2/1/2021,377.6,487.92,20,4074,0,53.55,1860.78,0.009529,90.98,30.24
2/2/2021,382.96,497.8,20,4074,0,54.76,1838.03,0.009526,91.197,25.56
2/3/2021,383.26,504.12,20,4074,0,55.69,1834.04,0.009521,91.171,22.91
2/4/2021,387.6,500.88,20,4074,0,56.23,1794.03,0.009473,91.529,21.77
2/5/2021,389.12,511.29,20,4074,0,56.85,1814.11,0.009489,91.042,20.87
2/8/2021,392.05,509.08,20,4074,0,57.97,1830.81,0.009503,90.934,21.24
2/9/2021,391.72,507.21,20,4074,0,58.4,1838.32,0.009564,90.439,21.63
2/10/2021,391.56,507.71,20,4074,0,58.68,1842.89,0.009561,90.371,21.99
2/11/2021,392.22,506.16,20,4074,0,58.24,1825.51,0.009547,90.417,21.25
2/12/2021,394.18,505.2,20,4074,0,59.47,1824.23,0.009531,90.48,19.97
2/15/2021,394.18,508.31,20,4074,0,59.47,1818.86,0.00949,90.48,19.97
2/16/2021,393.87,508.79,20,4074,0,60.05,1794.47,0.009429,90.509,21.46
2/17/2021,393.92,507.83,20,4074,0,61.14,1776.13,0.009446,90.951,21.5
2/18/2021,392.25,507.07,20,4074,0,60.52,1775.67,0.009464,90.592,22.49
2/19/2021,391.51,503.31,20,4074,0,59.24,1784.25,0.009485,90.364,22.05
2/22/2021,388.53,495.59,20,4074,0,61.49,1809.67,0.009517,90.01,23.45
2/23/2021,388.94,493.07,20,4099,0,61.62,1805.73,0.009501,90.169,23.11
2/24/2021,393.21,490.21,20,4099,0,63.18,1805.06,0.009448,90.176,21.34
2/25/2021,383.78,494.53,20,4099,0,63.57,1770.56,0.009412,90.134,28.89
2/26/2021,381.77,488.63,20,4099,0,61.5,1734.04,0.009385,90.879,27.95
3/1/2021,391.03,496.75,20,4099,0,60.64,1725.04,0.009367,91.039,23.35
3/2/2021,388.02,501.99,20,4099,0,59.75,1738.36,0.009373,90.785,24.1
3/3/2021,382.84,497.76,20,4099,0,61.28,1711.23,0.009344,90.947,26.67
3/4/2021,378.1,488.42,20,4099,0,63.83,1697.52,0.009261,91.631,28.57
3/5/2021,385.07,488.66,15,4099,0,66.09,1700.64,0.009226,91.977,24.66
3/8/2021,383.19,498.39,15,4099,0,65.05,1683.54,0.009181,92.313,25.47
3/9/2021,388.59,503.81,15,4099,0,64.01,1716.1,0.009217,91.958,24.03
3/10/2021,390.97,504.2,15,4099,0,64.44,1726.71,0.009226,91.823,22.56
3/11/2021,394.99,506.94,15,4099,0,66.02,1722.6,0.009216,91.42,21.91
3/12/2021,395.61,508.18,15,4099,0,65.61,1727.11,0.009172,91.679,20.69
3/15/2021,398.01,510.5,15,4099,0,65.39,1731.67,0.009164,91.833,20.03
3/16/2021,397.45,513.35,15,4099,0,64.8,1731.4,0.009174,91.865,19.79
3/17/2021,398.75,513.28,15,4099,0,64.6,1745.33,0.009187,91.442,19.23
3/18/2021,392.93,509.44,15,4099,0,60,1736.42,0.009183,91.862,21.58
3/19/2021,392.2,507.36,15,4099,0,61.42,1745.23,0.009184,91.919,20.95
3/22/2021,395.3,507.33,15,4099,0,61.55,1739.03,0.009187,91.742,18.88
3/23/2021,392.22,512.09,15,4099,0,57.71,1727.07,0.00921,92.336,20.3
3/24/2021,390.21,515.78,15,4099,0,61.13,1734.69,0.009197,92.528,21.2
3/25/2021,391.12,514.3,15,4099,0,58.49,1726.93,0.009158,92.848,19.81
3/26/2021,397.45,516.86,15,4099,0,60.97,1732.52,0.009118,92.766,18.86
3/29/2021,397.25,519.34,15,4099,0,61.56,1712.2,0.009105,92.944,20.74
3/30/2021,396.27,520.22,15,4099,0,60.55,1685.2,0.009062,93.297,19.61
3/31/2021,397.82,521.97,15,4099,0,59.16,1707.71,0.009032,93.232,19.4
4/1/2021,402.08,527.58,15,4099,0,61.45,1729.31,0.009042,92.929,17.33
4/2/2021,402.08,527.58,15,4099,0,61.45,1728.87,0.009033,93.022,17.33
4/5/2021,407.85,527.58,15,4099,0,58.65,1728.27,0.009076,92.595,17.91
4/6/2021,407.6,532.59,15,4099,0,59.33,1743.27,0.009112,92.335,18.12
4/7/2021,408.11,532.42,15,4099,0,59.77,1737.72,0.009104,92.455,17.16
4/8/2021,410.01,537.1,15,4099,0,59.6,1755.84,0.009152,92.059,16.95
4/9/2021,412.98,538.26,12,4099,0,59.32,1743.88,0.009119,92.163,16.69
4/12/2021,413.15,541.05,12,4099,0,59.7,1732.76,0.009142,92.138,16.91
4/13/2021,414.36,542.58,12,4099,0,60.18,1745.51,0.009169,91.852,16.65
4/14/2021,412.98,540.39,12,4099,0,63.15,1736.43,0.009179,91.69,16.99
4/15/2021,417.42,536.24,12,4099,0,63.46,1763.95,0.009195,91.671,16.57
4/16/2021,418.89,538.32,12,4099,0,63.13,1776.51,0.009192,91.556,16.25
4/19/2021,416.84,540.16,12,4130,0,63.38,1771.43,0.009247,91.069,17.29
4/20/2021,413.81,535.21,12,4130,0,62.44,1778.75,0.009252,91.241,18.68
4/21/2021,417.68,535.34,12,4130,0,61.35,1793.79,0.009255,91.155,17.5
4/22/2021,413.97,539,12,4130,0,61.46,1783.94,0.009262,91.333,18.71
4/23/2021,418.31,535.94,12,4130,0,62.18,1777.2,0.009271,90.859,17.33
4/26/2021,419.25,538.36,12,4130,0,61.91,1781.38,0.009251,90.807,17.64
4/27/2021,419.12,538.43,12,4130,0,62.94,1776.6,0.009197,90.909,17.56
4/28/2021,418.96,541.52,12,4130,0,63.86,1781.68,0.009208,90.609,17.28
4/29/2021,421.61,540.01,12,4130,0,65.01,1772.18,0.009181,90.614,17.61
4/30/2021,418.88,540.02,12,4130,0,63.58,1769.13,0.009148,91.28,18.61
5/3/2021,419.78,544,12,4130,0,64.49,1792.88,0.009168,90.945,18.31
5/4/2021,417.23,540.94,12,4130,0,65.69,1779.06,0.00915,91.288,19.48
5/5/2021,417.29,541.07,12,4130,0,65.63,1786.87,0.009158,91.308,19.15
5/6/2021,420.68,539.11,12,4130,0,64.71,1815.22,0.009167,90.951,18.39
5/7/2021,423.73,541.4,12,4130,0,64.9,1831.24,0.009209,90.233,16.69
5/10/2021,419.61,540.41,12,4130,0,64.92,1836.07,0.009188,90.212,19.66
5/11/2021,415.87,533.76,12,4130,0,65.28,1837.47,0.009206,90.141,21.84
5/12/2021,406.98,530.49,12,4130,0,66.08,1815.69,0.009116,90.713,27.59
5/13/2021,411.81,528.51,12,4130,0,63.82,1826.72,0.009135,90.752,23.13
5/14/2021,418.17,535.08,10,4199,0,65.37,1843.43,0.009145,90.321,18.81
5/17/2021,417.17,538.91,10,4199,0,66.27,1866.9,0.009155,90.164,19.72
5/18/2021,413.58,536.83,10,4199,0,65.49,1869.44,0.009184,89.75,21.34
5/19/2021,412.46,528.9,10,4199,0,63.36,1869.62,0.009156,90.191,22.18
5/20/2021,416.82,531.8,10,4199,0,62.05,1877.21,0.009193,89.808,20.67
5/21/2021,416.58,538.19,10,4199,0,63.7,1881.25,0.009178,90.017,20.15
5/24/2021,420.77,539.29,10,4199,0,66.2,1881.02,0.009194,89.844,18.4
5/25/2021,419.86,543.84,10,4199,0,66.27,1899.25,0.009193,89.639,18.84
5/26/2021,420.63,540.39,10,4199,0,66.21,1896.67,0.009162,90.042,17.36
5/27/2021,420.85,542.2,10,4199,0,66.85,1896.54,0.009104,89.971,16.74
5/28/2021,421.65,546.15,10,4199,0,66.32,1903.77,0.009103,90.031,16.76
5/31/2021,421.65,545.81,10,4199,0,66.32,1906.87,0.009126,89.829,16.76
6/1/2021,421.32,544.72,10,4199,0,67.72,1900.44,0.009133,89.831,17.9
6/2/2021,422.02,544.06,10,4199,0,68.83,1908.38,0.009126,89.909,17.48
6/3/2021,420.41,545.65,10,4199,0,68.81,1870.76,0.009065,90.512,18.04
6/4/2021,424.24,548.64,10,4199,0,69.62,1891.59,0.00913,90.136,16.42
6/7/2021,423.88,547.44,10,4199,0,69.23,1899.21,0.009153,89.95,16.42
6/8/2021,423.9,547.33,10,4199,0,70.05,1892.89,0.009133,90.076,17.07
6/9/2021,423.22,547.47,10,4199,0,69.96,1888.57,0.009121,90.12,17.89
6/10/2021,424.04,547.04,10,4199,0,70.29,1898.51,0.009147,90.075,16.1
6/11/2021,424.74,547.81,10,4199,0,70.91,1877.53,0.009118,90.555,15.65
6/14/2021,425.76,547.81,10,4199,0,70.88,1866.18,0.009085,90.522,16.39
6/15/2021,424.93,553.88,10,4199,0,72.12,1859.02,0.009086,90.536,17.02
6/16/2021,422.58,553.27,10,4213,0,72.15,1811.47,0.009032,91.129,18.15
6/17/2021,422.45,553.54,10,4213,0,71.04,1773.5,0.009071,91.889,17.75
6/18/2021,416.77,562.49,10,4213,0,71.64,1764.16,0.009072,92.225,20.7
6/21/2021,422.65,555.3,10,4213,0,73.66,1783.27,0.009064,91.899,17.89
6/22/2021,424.66,564.77,10,4213,0,73.06,1778.74,0.009036,91.756,16.66
6/23/2021,424.41,565.77,10,4213,0,73.28,1778.68,0.009013,91.802,16.32
6/24/2021,426.87,562.99,10,4213,0,73.45,1775.17,0.009019,91.814,15.97
6/25/2021,428.44,564.29,10,4213,0,74.25,1781.44,0.009026,91.851,15.62
6/28/2021,429.35,565.98,10,4213,0,72.91,1778.48,0.00904,91.887,15.76
6/29/2021,429.54,568.6,10,4213,0,72.98,1761.24,0.009046,92.049,16.02
6/30/2021,429.92,572.74,10,4213,0,73.47,1770.11,0.009,92.436,15.83
7/1/2021,432.35,575.21,10,4213,0,75.23,1776.84,0.008966,92.597,15.48
7/2/2021,435.64,578.45,10,4213,0,75.16,1787.3,0.009007,92.226,15.07
7/5/2021,435.64,578.2,10,4213,0,75.16,1791.77,0.00901,92.212,15.07
7/6/2021,434.53,572.88,10,4213,0,73.37,1797.08,0.00904,92.546,16.44
7/7/2021,436.31,579.05,10,4213,0,72.2,1803.63,0.00904,92.644,16.2
7/8/2021,432.81,583.25,10,4213,0,72.94,1802.83,0.009111,92.417,19
7/9/2021,437.41,581.69,10,4213,0,74.56,1808.32,0.009081,92.13,16.18
7/12/2021,439.03,583.63,10,4213,0,74.1,1806.28,0.009062,92.261,16.17
7/13/2021,437.49,585.1,10,4213,0,75.25,1807.76,0.009039,92.752,17.12
7/14/2021,438.07,584.71,10,4213,0,73.13,1827.53,0.009095,92.41,16.33
7/15/2021,436.57,584.76,10,4213,0,71.65,1829.47,0.009103,92.624,17.01
7/16/2021,433.27,586.34,10,4242,0,71.81,1812.05,0.009084,92.687,18.45
7/19/2021,426.8,584.12,10,4242,0,66.42,1812.64,0.009136,92.891,22.5
7/20/2021,432.99,584,10,4242,0,67.42,1810.36,0.009103,92.973,19.73
7/21/2021,436.5,592.68,10,4242,0,70.55,1803.66,0.009067,92.754,17.91
7/22/2021,437.45,592.81,10,4242,0,72.06,1806.92,0.009078,92.822,17.69
7/23/2021,441.76,594.86,10,4242,0,72.27,1802.15,0.009046,92.912,17.2
7/26/2021,442.94,598.8,10,4242,0,71.91,1797.63,0.009059,92.649,17.58
7/27/2021,440.92,599.25,10,4242,0,71.65,1799.09,0.009108,92.432,19.36
7/28/2021,440.68,598.24,10,4242,0,72.39,1807.11,0.009097,92.322,18.31
7/29/2021,442.64,596.41,10,4242,0,73.62,1828.17,0.009133,91.864,17.7
7/30/2021,440.4,593.82,10,4242,0,73.95,1814.19,0.009117,92.174,18.24
8/2/2021,439.51,602.25,10,4242,0,71.26,1813.47,0.009148,92.048,19.46
8/3/2021,443.02,595.34,10,4242,0,70.56,1810.44,0.009172,92.081,18.04
8/4/2021,440.91,598.03,10,4242,0,68.15,1811.74,0.009134,92.27,17.97
8/5/2021,443.65,596.54,10,4242,0,69.09,1804.41,0.009109,92.244,17.28
8/6/2021,444.42,599.6,10,4242,0,68.28,1763.03,0.009072,92.8,16.15
8/9/2021,444.11,601.62,10,4242,0,66.48,1729.94,0.009063,92.945,16.72
8/10/2021,444.63,604.92,10,4242,0,68.29,1728.93,0.009043,93.055,16.79
8/11/2021,445.68,604.86,10,4242,0,69.25,1751.7,0.009055,92.922,16.06
8/12/2021,446.72,604.5,10,4242,0,69.09,1752.9,0.009055,93.035,15.59
8/13/2021,447.85,608.66,10,4242,0,68.44,1779.74,0.009123,92.518,15.45
8/16/2021,449,608.11,10,4242,0,67.29,1787.45,0.009152,92.628,16.12
8/17/2021,445.95,612.19,10,4242,0,66.59,1786.19,0.009125,93.13,17.91
8/18/2021,441.14,614.09,10,4242,0,65.46,1787.82,0.00911,93.136,21.57
8/19/2021,441.79,610.99,10,4242,0,63.69,1780.38,0.00911,93.568,21.67
8/20/2021,445.31,617.5,10,4335,0,62.32,1781.11,0.009109,93.496,18.56
8/23/2021,449.19,623.68,10,4335,0,65.81,1805.43,0.009116,92.958,17.15
8/24/2021,449.97,621.6,10,4335,0,67.67,1802.9,0.009117,92.893,17.22
8/25/2021,450.91,620.68,10,4335,0,68.41,1791,0.009092,92.825,16.79
8/26/2021,448.25,619.7,10,4335,0,67.42,1792.43,0.009084,93.062,18.84
8/27/2021,452.19,619.58,10,4335,0,68.74,1817.57,0.009103,92.686,16.39
8/30/2021,454.2,619.67,10,4335,0,69.21,1810.34,0.009097,92.653,16.19
8/31/2021,453.71,620.56,10,4335,0,68.5,1813.62,0.009091,92.626,16.48
9/1/2021,453.91,620.67,10,4335,0,68.59,1813.9,0.009088,92.449,16.11
9/2/2021,455.27,614.4,10,4335,0,69.99,1809.66,0.009096,92.225,16.41
9/3/2021,455.07,613.83,10,4335,0,69.29,1827.73,0.009116,92.035,16.41
9/6/2021,455.07,612.1,10,4335,0,69.29,1823.29,0.009103,92.035,16.41
9/7/2021,453.6,613.34,10,4335,0,68.35,1794.36,0.009067,92.512,18.14
9/8/2021,453,614.62,10,4335,0,69.3,1789.26,0.009069,92.653,17.96
9/9/2021,450.98,612.94,10,4335,0,68.14,1794.58,0.009113,92.479,18.8
9/10/2021,447.54,612.01,10,4335,0,69.72,1787.58,0.009098,92.582,20.95
9/13/2021,448.58,610.55,10,4335,0,70.45,1793.75,0.009091,92.675,19.37
9/14/2021,446.19,611.79,10,4335,0,70.46,1804.51,0.009116,92.623,19.46
9/15/2021,449.9,609.58,10,4335,0,72.61,1794.06,0.009143,92.548,18.18
9/16/2021,449.06,613.89,10,4335,0,72.61,1753.77,0.009112,92.932,18.69
9/17/2021,444.73,615.08,10,4335,0,71.97,1754.34,0.009092,93.195,20.81
9/20/2021,437.23,609.22,10,4335,0,70.29,1764.16,0.009141,93.276,25.71
9/21/2021,436.98,604,10,4466,0,70.56,1774.51,0.009156,93.204,24.36
9/22/2021,441.29,604.2,10,4466,0,72.33,1768.16,0.009107,93.462,20.87
9/23/2021,446.58,610.39,10,4466,0,73.45,1742.76,0.009064,93.085,18.63
9/24/2021,445.74,611.5,10,4466,0,74.13,1750.42,0.00903,93.327,17.75
9/27/2021,444.34,617.52,10,4466,0,75.45,1750.16,0.009008,93.383,18.76
9/28/2021,435.47,610.34,10,4466,0,75.29,1734.01,0.008968,93.766,23.25
9/29/2021,436.22,605.32,10,4466,0,74.83,1726.37,0.008931,94.338,22.56
9/30/2021,430.82,611.18,10,4466,0,75.03,1756.95,0.008987,94.23,23.14
10/1/2021,435.95,594.89,10,4466,0,75.88,1760.98,0.009003,94.035,21.15
10/4/2021,430.29,598.54,10,4466,0,77.62,1769.57,0.009015,93.776,22.96
10/5/2021,434.8,592.31,10,4466,0,78.93,1760.18,0.008971,93.975,21.3
10/6/2021,436.65,595.43,10,4466,0,77.43,1762.74,0.008975,94.266,21
10/7/2021,440.27,601.64,10,4466,0,78.3,1755.78,0.008958,94.217,19.54
10/8/2021,439.62,602.74,10,4466,0,79.35,1757.13,0.00891,94.067,18.77
10/11/2021,436.34,599.3,10,4466,0,80.52,1754.15,0.008824,94.316,20
10/12/2021,435.24,590.81,10,4466,0,80.64,1760.18,0.008802,94.516,19.85
10/13/2021,436.79,592.26,10,4466,0,80.44,1792.97,0.00883,94.08,18.64
10/14/2021,444.27,592.75,10,4466,0,81.31,1795.87,0.008797,93.956,16.86
10/15/2021,447.68,600.22,15,4466,0,82.28,1767.62,0.008752,93.937,16.3
10/18/2021,448.98,603.2,15,4466,0,82.44,1764.86,0.008747,93.953,16.31
10/19/2021,452.51,601.78,15,4466,0,82.96,1769.29,0.008743,93.734,15.7
10/20/2021,454.25,602.59,15,4466,0,83.87,1782.08,0.008746,93.558,15.49
10/21/2021,455.43,602.93,15,4466,0,83.25,1782.9,0.008772,93.77,15.01
10/22/2021,454.88,607.92,15,4466,0,84.61,1792.65,0.008811,93.642,15.43
10/25/2021,457.26,607.53,15,4466,0,84.26,1807.73,0.008794,93.813,15.24
10/26/2021,457.78,609.35,15,4466,0,84.65,1792.91,0.00876,93.949,15.98
10/27/2021,455.74,608.46,15,4466,0,82.66,1796.81,0.008787,93.802,16.98
10/28/2021,460.12,607.46,15,4466,0,82.81,1798.91,0.008805,93.345,16.53
10/29/2021,460.99,606.74,15,4466,0,83.57,1783.38,0.00877,94.123,16.26
11/1/2021,461.94,614.95,15,4466,0,84.05,1793.28,0.008772,93.879,16.41
11/2/2021,463.76,614.78,15,4466,0,83.91,1787.76,0.008775,94.09,16.03
11/3/2021,466.61,622.6,15,4466,0,80.86,1769.84,0.008771,93.864,15.1
11/4/2021,468.75,626.07,15,4466,0,78.81,1792.04,0.008791,94.347,15.44
11/5/2021,470.4,633.61,15,4466,0,81.27,1818.36,0.008818,94.32,16.48
11/8/2021,470.89,633.92,15,4466,0,81.93,1824.18,0.008832,94.049,17.22
11/9/2021,469.25,633.04,15,4466,0,84.15,1831.92,0.008859,93.955,17.78
11/10/2021,465.54,634.53,15,4466,0,81.34,1849.6,0.008779,94.85,18.73
11/11/2021,465.73,637.31,15,4466,0,81.59,1862.11,0.008767,95.178,17.66
11/12/2021,469.16,639.56,15,4466,0,80.79,1864.9,0.008778,95.128,16.29
11/15/2021,469.28,638.8,15,4466,0,80.88,1862.84,0.008761,95.407,16.49
11/16/2021,471.15,637.43,15,4466,0,80.76,1850.63,0.008709,95.915,16.37
11/17/2021,470.04,645.75,15,4466,0,78.36,1867.48,0.008763,95.828,17.11
11/18/2021,471.59,646.33,15,4466,0,79.01,1858.94,0.008752,95.544,17.59
11/19/2021,470.82,650.26,15,4843,0,76.1,1845.73,0.008771,96.031,17.91
11/22/2021,469.41,650.52,15,4843,0,76.75,1804.65,0.008705,96.548,19.17
11/23/2021,470.06,649.13,15,4843,0,78.45,1789.16,0.008686,96.491,19.38
11/24/2021,471.28,650.48,15,4843,0,78.39,1788.61,0.008665,96.875,18.58
11/25/2021,471.28,656,15,4843,0,78.39,1788.85,0.008668,96.774,18.58
11/26/2021,460.62,653.11,15,4843,0,78.39,1802.59,0.008821,96.089,28.62
11/29/2021,466.5,650.4,15,4843,0,69.95,1784.6,0.008808,96.341,22.96
11/30/2021,457.63,653.4,15,4843,0,66.18,1774.52,0.008838,95.994,27.19
12/1/2021,452.29,643.86,15,4843,0,65.57,1781.73,0.008867,96.028,31.12
12/2/2021,459.26,640.1,15,4843,0,66.5,1768.74,0.008835,96.156,27.95
12/3/2021,455.14,647.84,15,4843,0,66.26,1783.29,0.008865,96.117,30.67
12/6/2021,460.62,650.94,15,4843,0,69.49,1778.67,0.008812,96.328,27.18
12/7/2021,470.19,652.85,15,4843,0,72.05,1784.13,0.008805,96.369,21.89
12/8/2021,471.43,660.99,15,4843,0,72.36,1782.99,0.008795,95.894,19.9
12/9/2021,468.25,655.92,15,4843,0,70.94,1775.33,0.008814,96.271,21.58
12/10/2021,472.74,654.59,15,4843,0,71.67,1782.84,0.00882,96.097,18.69
12/13/2021,467.07,659.2,15,4843,0,71.29,1786.67,0.008805,96.317,20.31
12/14/2021,463.77,659.39,15,4843,0,70.73,1770.85,0.008791,96.571,21.89
12/15/2021,471.06,653.62,15,4843,0,70.87,1776.92,0.008768,96.511,19.29
12/16/2021,466.74,660.24,15,4950,0,72.38,1799.35,0.008795,96.042,20.57
12/17/2021,462.11,651.53,15,4950,0,70.86,1798.11,0.008794,96.565,21.57
12/20/2021,456.92,645.5,15,4950,0,68.23,1790.93,0.008801,96.551,22.87
12/21/2021,465.06,646.69,15,4950,0,71.22,1789.27,0.008765,96.491,21.01
12/22/2021,469.75,650.9,15,4950,0,72.86,1803.67,0.008763,96.076,18.63
12/23/2021,472.63,651.31,15,4950,0,73.74,1808.81,0.008741,96.019,17.96
12/24/2021,472.63,655.82,15,4950,0,73.74,1810.26,0.008743,96.019,17.96
12/27/2021,479.4,655.82,15,4950,0,75.57,1812.13,0.008704,96.093,17.68
12/28/2021,479.03,655.82,15,4950,0,75.98,1806.18,0.00871,96.202,17.54
12/29/2021,479.53,662.1,15,4950,0,76.56,1804.71,0.008698,95.929,16.95
12/30/2021,478.18,659.98,15,4950,0,76.99,1814.67,0.008691,95.968,17.33
12/31/2021,476.99,658.03,15,4950,0,76.99,1829.2,0.008687,95.67,17.22
1/3/2022,479.84,658.03,15,4950,0,76.08,1801.45,0.008671,96.213,16.6
1/4/2022,479.68,666.23,15,4950,0,76.99,1814.6,0.008611,96.262,16.91
1/5/2022,470.33,660.86,15,4950,0,77.85,1810.44,0.008612,96.171,19.73
1/6/2022,469.98,652.57,15,4950,0,79.46,1791.16,0.008632,96.32,19.61
1/7/2022,468.1,657.34,15,4950,0,78.9,1796.55,0.008656,95.719,18.76
1/10/2022,467.22,651.2,15,4950,0,78.23,1801.68,0.008681,95.991,19.4
1/11/2022,471.83,650.16,15,4950,0,81.22,1821.6,0.008673,95.624,18.41
1/12/2022,473.08,653.52,15,4950,0,82.64,1826.15,0.008723,94.915,17.62
1/13/2022,466.59,647.54,15,4950,0,82.12,1822.54,0.008759,94.79,20.31
1/14/2022,466.75,640.47,15,4950,0,83.82,1817.94,0.008757,95.165,19.19
1/17/2022,466.75,646.17,15,4950,0,83.82,1819.23,0.008725,95.258,19.19
1/18/2022,458.5,645.25,15,4950,0,85.43,1813.74,0.008727,95.732,22.79
1/19/2022,453.76,633.79,15,4982,0,86.96,1840.54,0.008746,95.51,23.85
1/20/2022,448.72,629.64,15,4982,0,86.9,1839.29,0.008765,95.735,25.59
1/21/2022,439.98,619.57,15,4982,0,86.24,1835.38,0.008797,95.642,28.85
1/24/2022,441.52,617.24,15,4982,0,84.11,1843.06,0.008773,95.918,29.9
1/25/2022,436.44,610,15,4982,0,86.55,1848.02,0.008782,95.948,31.16
1/26/2022,435.43,610,15,4982,0,87.35,1819.59,0.00872,96.478,31.96
1/27/2022,433.16,606.97,15,4982,0,86.61,1797.43,0.008668,97.255,30.49
1/28/2022,443.75,618.19,15,4982,0,86.82,1791.53,0.008678,97.27,27.66
1/31/2022,451.77,633.14,15,4982,0,88.15,1797.17,0.008685,96.54,24.83
2/1/2022,454.89,637.46,15,4982,0,88.2,1801.19,0.00872,96.385,21.96
2/2/2022,459.26,640.92,15,4982,0,88.26,1806.8,0.008738,95.936,22.09
2/3/2022,448.6,638.19,15,4982,0,90.27,1804.85,0.008697,95.379,24.35
2/4/2022,450.85,633.97,15,4982,0,92.31,1808.28,0.008681,95.485,23.22
2/7/2022,449.25,635.65,15,4982,0,91.32,1820.47,0.008688,95.399,22.86
2/8/2022,452.82,630.75,15,4982,0,89.36,1825.92,0.008655,95.643,21.44
2/9/2022,459.5,634.67,15,4982,0,89.66,1833.36,0.008655,95.494,19.96
2/10/2022,451.38,638.62,15,4982,0,89.88,1826.85,0.00862,95.553,23.91
2/11/2022,442.35,628.68,15,4982,0,93.1,1858.76,0.008662,96.082,27.36
2/14/2022,440.91,622.4,15,4982,0,95.46,1871.18,0.008655,96.374,28.33
2/15/2022,448,618.3,15,4982,0,92.07,1853.61,0.008651,95.989,25.7
2/16/2022,448.51,624.08,15,4982,0,93.66,1869.8,0.008661,95.701,24.29
2/17/2022,439.1,621.56,15,4933,0,91.76,1898.43,0.008701,95.8,28.11
2/18/2022,436.07,612.76,15,4933,0,91.07,1898.43,0.008692,96.043,27.75
2/21/2022,436.07,607.08,15,4933,0,91.07,1906.29,0.008716,96.078,27.75
2/22/2022,431.34,595.96,15,4933,0,92.35,1898.64,0.00869,96.025,28.81
2/23/2022,423.48,599.51,15,4933,0,92.7,1909.01,0.008694,96.19,31.02
2/24/2022,430.14,576.82,15,4933,0,93.41,1903.89,0.008655,97.137,30.32
2/25/2022,439.61,594.03,15,4933,0,92.59,1889.34,0.008657,96.615,27.59
2/28/2022,438.72,597.74,15,4933,0,95.72,1908.99,0.008697,96.707,30.15
3/1/2022,431.92,603.51,15,4933,0,103.41,1945.28,0.008702,97.409,33.32
3/2/2022,439.8,596.27,15,4933,0,110.6,1928.72,0.008657,97.385,30.74
3/3/2022,437.69,602.54,15,4933,0,107.67,1935.95,0.008661,97.785,30.48
3/4/2022,433.95,590.5,15,4933,0,115.68,1970.7,0.008709,98.648,31.98
3/7/2022,421.2,578.36,15,4933,0,119.4,1998.11,0.008671,99.293,36.45
3/8/2022,418.06,575.2,15,4933,0,123.7,2050.76,0.008646,99.062,35.13
3/9/2022,429.31,576.93,20,4933,0,108.7,1991.83,0.008631,97.968,32.45
3/10/2022,427.34,584.4,20,4933,0,106.02,1996.98,0.00861,98.507,30.23
3/11/2022,422.01,579.31,20,4933,0,109.33,1988.46,0.008524,99.124,30.75
3/14/2022,418.82,584.71,20,4933,0,103.01,1950.88,0.008461,98.999,31.77
3/15/2022,428.04,583.77,20,4933,0,96.44,1917.94,0.008454,99.097,29.83
3/16/2022,437.52,592.95,20,4933,0.25,95.04,1927.29,0.008421,98.618,26.67
3/17/2022,442.96,597.06,20,4904,0.25,102.98,1942.89,0.008432,97.974,25.67
3/18/2022,447.7,595.55,20,4904,0.25,104.7,1921.62,0.008393,98.233,23.87
3/21/2022,447.61,602.44,20,4904,0.25,112.12,1935.91,0.00837,98.498,23.53
3/22/2022,453.07,603.53,20,4904,0.25,111.76,1921.69,0.008278,98.493,22.94
3/23/2022,447.39,607.47,20,4904,0.25,116.63,1943.86,0.008254,98.622,23.57
3/24/2022,452.36,599.58,20,4904,0.25,114.34,1957.69,0.008171,98.789,21.67
3/25/2022,454.64,603.92,20,4904,0.25,115.4,1958.29,0.008191,98.789,20.81
3/28/2022,457.83,603.24,20,4904,0.25,105.96,1922.8,0.00807,99.091,19.63
3/29/2022,463.67,613.18,20,4904,0.25,104.24,1919.43,0.008137,98.404,18.9
3/30/2022,460.79,615.96,20,4904,0.25,107.82,1932.87,0.008208,97.792,19.33
3/31/2022,453.69,617.61,20,4904,0.25,100.28,1937.44,0.008217,98.312,20.56
4/1/2022,454.79,608.35,20,4904,0.25,99.27,1925.68,0.008161,98.632,19.63
4/4/2022,458.8,606.49,20,4904,0.25,103.28,1932.73,0.008145,99,18.57
4/5/2022,452.89,601.85,20,4904,0.25,101.96,1923.6,0.008091,99.472,21.03
4/6/2022,448.49,598,20,4904,0.25,96.23,1925.35,0.008078,99.599,22.1
4/7/2022,450.71,597.26,20,4904,0.25,96.03,1931.86,0.008066,99.751,21.55
4/8/2022,449.51,602.96,25,4904,0.25,98.26,1947.54,0.008046,99.796,21.16
4/11/2022,441.74,600.03,25,4904,0.25,94.29,1953.52,0.007975,99.932,24.37
4/12/2022,440.05,591.76,25,4904,0.25,100.6,1966.76,0.007975,100.292,24.26
4/13/2022,445.2,594.66,25,4904,0.25,104.25,1977.8,0.007958,99.875,21.82
4/14/2022,439.7,597.31,25,4904,0.25,106.95,1973.71,0.007943,100.321,22.7
4/15/2022,439.7,597.31,25,4904,0.25,106.95,1978.24,0.007908,100.5,22.7
4/18/2022,439.86,597.31,25,4868,0.25,108.21,1978.91,0.007874,100.781,22.17
4/19/2022,446.96,597.92,25,4868,0.25,102.56,1950.09,0.007758,100.961,21.37
4/20/2022,446.56,599.42,25,4868,0.25,102.75,1957.77,0.007819,100.39,20.32
4/21/2022,440.09,602.17,25,4868,0.25,104.54,1951.62,0.007789,100.578,22.68
4/22/2022,427.78,597.71,25,4868,0.25,103.07,1931.6,0.007781,101.22,28.21
4/25/2022,430.42,597.71,25,4868,0.25,99.54,1897.83,0.007804,101.752,27.02
4/26/2022,417.89,596.31,25,4868,0.25,101.7,1905.51,0.00786,102.303,33.52
4/27/2022,419.15,585.16,25,4868,0.25,102.02,1886.1,0.007787,102.954,31.6
4/28/2022,429.68,595.12,25,4868,0.25,105.36,1894.45,0.007643,103.623,29.99
4/29/2022,413.56,598.07,25,4868,0.25,104.69,1896.93,0.007706,102.959,33.4
5/2/2022,416.22,589.67,25,4868,0.25,105.17,1863.02,0.007681,103.744,32.34
5/3/2022,418.15,585.44,25,4868,0.25,102.41,1868.12,0.007684,103.465,29.25
5/4/2022,430.74,588.45,25,4868,0.75,107.81,1881.22,0.007747,102.587,25.42
5/5/2022,415.45,594.67,25,4868,0.75,108.26,1877.18,0.007683,103.752,31.2
5/6/2022,413.21,584.55,25,4868,0.75,109.77,1883.81,0.007661,103.66,30.19
5/9/2022,399.92,583.18,25,4868,0.75,103.09,1854.17,0.007674,103.651,34.75
5/10/2022,400.71,577.37,25,4868,0.75,99.76,1838.27,0.007666,103.92,32.99
5/11/2022,394.39,577.81,25,4868,0.75,105.71,1852.4,0.007695,103.846,32.56
5/12/2022,393.81,570.92,25,4868,0.75,106.13,1821.82,0.007793,104.851,31.77
5/13/2022,403.41,576.97,30,4868,0.75,110.49,1811.79,0.007738,104.563,28.87
5/16/2022,401.71,581.46,30,4868,0.75,114.2,1824.14,0.007745,104.187,27.47
5/17/2022,410.03,575.63,30,4787,0.75,112.4,1815.16,0.00773,103.36,26.1
5/18/2022,393.56,581.38,30,4743,0.75,109.59,1816.6,0.007799,103.81,30.96
5/19/2022,391.1,561.87,30,4743,0.75,112.21,1841.85,0.007823,102.724,29.35
5/20/2022,391.3,559.52,30,4743,0.75,113.23,1846.5,0.00782,103.15,29.43
5/23/2022,398.61,556.3,30,4743,0.75,113.04,1853.59,0.007819,102.076,28.48
5/24/2022,395.75,555.35,30,4743,0.75,112.02,1866.45,0.007884,101.857,29.45
5/25/2022,399.25,558.14,30,4743,0.75,112.58,1853.46,0.007855,102.056,28.37
5/26/2022,407.06,561.81,30,4743,0.75,114.09,1850.63,0.007869,101.829,27.5
5/27/2022,417.25,568.79,30,4743,0.75,115.07,1853.72,0.007868,101.668,25.72
5/30/2022,417.25,584.6,30,4743,0.75,115.07,1855.23,0.007838,101.668,26.54
5/31/2022,414.87,579.79,30,4743,0.75,114.67,1837.35,0.00777,101.752,26.19
6/1/2022,411.51,577.86,30,4743,0.75,115.26,1846.6,0.007683,102.498,25.69
6/2/2022,419.26,574.81,30,4743,0.75,116.87,1868.58,0.007698,101.824,24.72
6/3/2022,412.38,577.5,30,4743,0.75,118.87,1851.19,0.007644,102.14,24.79
6/6/2022,413.62,575,30,4743,0.75,118.5,1841.43,0.007581,102.437,25.07
6/7/2022,417.46,571.4,30,4743,0.75,119.41,1852.37,0.007541,102.318,24.02
6/8/2022,412.94,577.12,30,4743,0.75,122.11,1853.36,0.007449,102.542,23.96
6/9/2022,401.99,573.8,31.5,4743,0.75,121.51,1847.95,0.007442,103.223,26.09
6/10/2022,390.13,566.75,31.5,4743,0.75,120.67,1871.6,0.007439,104.148,27.75
6/13/2022,375.13,566.75,31.5,4743,0.75,120.93,1819.26,0.007438,105.078,34.02
6/14/2022,374.13,547.88,31.5,4743,0.75,118.93,1808.49,0.007382,105.518,32.69
6/15/2022,379.46,544.79,31.5,4617,1.5,115.31,1833.82,0.007473,105.158,29.62
6/16/2022,366.99,541.3,31.5,4617,1.5,117.58,1857.33,0.007565,103.631,32.95
6/17/2022,367.66,527.94,33,4617,1.5,109.56,1839.39,0.007408,104.7,31.13
6/20/2022,367.66,530.19,33,4617,1.5,109.56,1838.74,0.007402,104.7,31.03
6/21/2022,377.01,537.32,33,4617,1.5,110.65,1832.98,0.007318,104.435,30.19
6/22/2022,376.36,539.57,33,4617,1.5,107.69,1837.72,0.00734,104.197,28.95
6/23/2022,380.13,545.82,33,4617,1.5,106.12,1822.77,0.007409,104.431,29.05
6/24/2022,392,555.27,33,4617,1.5,109.47,1826.88,0.007396,104.185,27.23
6/27/2022,390.58,566.77,33,4617,1.5,109.57,1822.85,0.007381,103.939,26.95
6/28/2022,382.61,564.91,33,4617,1.5,111.76,1820.01,0.007345,104.506,28.36
6/29/2022,382.34,556.81,33,4617,1.5,109.78,1817.73,0.007321,105.106,28.16
6/30/2022,379.15,550.93,33,4617,1.5,105.76,1807.27,0.007367,104.685,28.71
7/1/2022,383.09,548.9,33,4617,1.5,108.43,1811.43,0.007394,105.138,26.7
7/4/2022,383.09,556.87,33,4617,1.5,108.43,1808.15,0.007369,105.138,27.53
7/5/2022,383.91,559.99,33,4617,1.5,99.5,1764.76,0.007359,106.535,27.54
7/6/2022,385.28,562.06,33,4617,1.5,98.53,1738.86,0.007356,107.096,26.73
7/7/2022,390.99,565.41,33,4617,1.5,102.73,1740.16,0.007353,107.13,26.08
7/8/2022,390.68,569.66,33,4617,1.5,104.79,1742.48,0.007349,107.007,24.64
7/11/2022,386.23,567.82,33,4617,1.5,104.09,1733.96,0.007277,108.021,26.17
7/12/2022,382.76,569.95,33,4617,1.5,95.84,1726,0.007306,108.072,27.29
7/13/2022,380.8,565.37,33,4617,1.5,96.3,1735.51,0.007276,107.957,26.82
7/14/2022,379.88,561.26,33,4617,1.5,95.78,1709.94,0.007197,108.544,26.4
7/15/2022,387.13,564.68,40,4442,1.5,97.59,1708.17,0.00722,108.063,24.23
7/18/2022,384,571.68,40,4442,1.5,102.6,1709.22,0.00724,107.366,25.3
7/19/2022,394.32,561,40,4442,1.5,104.22,1711.67,0.007236,106.682,24.5
7/20/2022,396.76,572.48,40,4442,1.5,102.26,1696.58,0.007235,107.076,23.88
7/21/2022,400.81,575,40,4442,1.5,99.5,1718.81,0.00728,106.91,23.11
7/22/2022,397.24,576.23,40,4442,1.5,97.95,1727.64,0.007346,106.73,23.03
7/25/2022,397.65,573.01,40,4442,1.5,99.6,1719.78,0.007316,106.483,23.36
7/26/2022,392.93,568.68,40,4442,1.5,94.98,1717.32,0.007304,107.189,24.69
7/27/2022,403.09,570.89,40,4442,2.25,97.26,1734.19,0.007322,106.452,23.24
7/28/2022,408.21,574.18,40,4442,2.25,96.42,1755.84,0.007448,106.351,22.33
7/29/2022,414.28,585.26,40,4442,2.25,98.62,1765.94,0.007503,105.903,21.33
8/1/2022,412.95,589.38,40,4442,2.25,93.89,1772.17,0.007598,105.45,22.84
8/2/2022,410.32,589.7,40,4442,2.25,94.42,1760.39,0.007509,106.241,23.93
8/3/2022,416.72,593.05,40,4442,2.25,90.66,1765.29,0.007471,106.506,21.95
8/4/2022,416.32,596.81,40,4442,2.25,88.54,1791.28,0.007525,105.693,21.44
8/5/2022,415.59,597.8,40,4442,2.25,89.01,1775.5,0.007407,106.621,21.15
8/8/2022,415.23,598.31,40,4442,2.25,90.76,1788.96,0.00741,106.435,21.29
8/9/2022,413.49,595.2,40,4442,2.25,90.5,1794.29,0.007405,106.374,21.77
8/10/2022,422.15,592.55,40,4442,2.25,91.93,1792.38,0.007525,105.196,19.74
8/11/2022,422.3,596.32,40,4442,2.25,94.34,1789.72,0.007517,105.09,20.2
8/12/2022,429.25,593.3,50,4442,2.25,92.09,1802.4,0.007495,105.631,19.53
8/15/2022,431.14,603.69,50,4442,2.25,89.41,1779.71,0.007501,106.546,19.95
8/16/2022,432.04,611.28,50,4376,2.25,86.53,1775.69,0.007451,106.5,19.69
8/17/2022,428.79,615.49,50,4376,2.25,88.11,1761.77,0.007405,106.574,19.9
8/18/2022,430.05,616.56,50,4376,2.25,90.5,1758.61,0.007359,107.484,19.56
8/19/2022,424.36,619.09,50,4376,2.25,90.77,1747.06,0.007301,108.169,20.6
8/22/2022,415.46,610.9,50,4376,2.25,90.23,1736.3,0.007274,109.046,23.8
8/23/2022,414.54,602.83,50,4376,2.25,94.39,1748.15,0.007311,108.624,24.11
8/24/2022,415.83,598.8,50,4376,2.25,95.64,1751.19,0.007293,108.677,22.82
8/25/2022,421.69,599,50,4376,2.25,93.02,1758.71,0.007326,108.47,21.78
8/26/2022,407.28,603.66,50,4376,2.25,93.06,1738.14,0.007265,108.803,25.56
8/29/2022,404.83,587.24,50,4376,2.25,97.01,1737.09,0.007209,108.835,26.21
8/30/2022,400.19,586.42,50,4376,2.25,91.64,1724.02,0.007205,108.773,26.21
8/31/2022,397.18,582.75,50,4376,2.25,89.55,1711.04,0.007196,108.7,25.87
9/1/2022,398.54,576.93,50,4376,2.25,86.61,1697.52,0.007132,109.691,25.56
9/2/2022,394.28,584.81,50,4376,2.25,86.87,1712.19,0.007132,109.534,25.47
9/5/2022,394.28,581.14,50,4376,2.25,86.87,1710.4,0.007112,109.534,25.99
9/6/2022,392.71,580.41,50,4376,2.25,86.88,1702.14,0.007003,110.214,26.91
9/7/2022,399.82,581.84,50,4376,2.25,81.94,1718.37,0.006957,109.84,24.64
9/8/2022,402.34,592.98,50,4376,2.25,83.54,1708.46,0.006939,109.707,23.61
9/9/2022,408.76,590.11,50,4376,2.25,86.79,1716.83,0.007019,109.003,22.79
9/12/2022,413.17,595.9,50,4376,2.25,87.78,1724.54,0.007001,108.33,23.87
9/13/2022,395.14,601.19,50,4376,2.25,87.31,1702.17,0.006916,109.815,27.27
9/14/2022,396.65,586.75,50,4376,2.25,88.48,1697.32,0.006989,109.658,26.16
9/15/2022,392.07,586.86,50,4346,2.25,85.1,1665.11,0.006967,109.739,26.27
9/16/2022,389.1,579.27,50,4346,2.25,85.11,1675.06,0.006997,109.764,26.3
9/19/2022,392.13,578.18,50,4346,2.25,85.73,1675.84,0.006983,109.737,25.76
9/20/2022,387.52,584.16,50,4346,2.25,84.45,1664.89,0.006957,110.215,27.16
9/21/2022,380.91,579.8,50,4346,3,83.44,1673.89,0.006941,110.642,27.99
9/22/2022,377.69,579.8,50,4346,3,83.94,1671.22,0.007023,111.353,27.35
9/23/2022,371.42,568.57,50,4346,3,79.24,1643.94,0.006978,113.192,29.92
9/26/2022,365.87,566.28,50,4346,3,76.71,1622.36,0.006908,114.103,32.26
9/27/2022,364.93,569.2,50,4346,3,78.5,1628.9,0.006906,114.106,32.6
9/28/2022,372.02,569.8,50,4346,3,82.15,1659.97,0.006937,112.604,30.18
9/29/2022,364.37,574.07,50,4346,3,81.23,1660.54,0.006922,112.254,31.84
9/30/2022,358.65,562.9,50,4346,3,79.49,1660.61,0.006909,112.117,31.62
10/3/2022,368.14,556.53,50,4346,3,83.63,1699.89,0.006918,111.745,30.1
10/4/2022,379.41,571.79,50,4346,3,86.52,1726.13,0.006938,110.065,29.07
10/5/2022,378.52,579.9,50,4346,3,87.76,1716.26,0.006914,111.208,28.55
10/6/2022,374.78,581.52,50,4346,3,88.45,1712.53,0.00689,112.258,30.52
10/7/2022,364.33,582.46,50,4346,3,92.64,1694.82,0.006885,112.795,31.36
10/10/2022,361.62,572.86,50,4346,3,91.13,1668.61,0.006863,113.144,32.45
10/11/2022,359.14,573.89,50,4346,3,89.35,1666.34,0.006856,113.221,33.63
10/12/2022,357.98,574.5,50,4346,3,87.27,1673.19,0.006807,113.32,33.57
10/13/2022,367.51,569.95,50,4346,3,89.11,1666.37,0.006797,112.363,31.94
10/14/2022,359.09,583.35,60,4346,3,85.61,1644.47,0.006727,113.311,32.02
10/17/2022,368.33,577.95,60,4054,3,85.46,1650.09,0.00671,112.039,31.37
10/18/2022,372.55,591.74,60,4054,3,82.82,1652.22,0.0067,112.13,30.5
10/19/2022,370.1,593.18,60,4054,3,85.55,1629.44,0.006671,112.984,30.76
10/20/2022,366.95,589.29,60,4054,3,85.98,1628.02,0.00666,112.881,29.98
10/21/2022,375.81,583.3,60,4054,3,86.65,1657.69,0.006773,112.012,29.69
10/24/2022,380.43,593.04,60,4054,3,86.23,1649.78,0.006715,111.989,29.85
10/25/2022,386.54,600.53,60,4054,3,86.82,1653.17,0.00676,110.95,28.46
10/26/2022,383.62,597.68,60,4054,3,87.91,1664.57,0.006832,109.7,27.28
10/27/2022,381.58,590.85,60,4054,3,89.08,1663.31,0.006836,110.587,27.39
10/28/2022,390.53,585.95,60,4054,3,87.9,1644.86,0.006775,110.752,25.75
10/31/2022,387.79,606.31,60,4054,3,86.53,1633.56,0.006724,111.527,25.88
11/1/2022,386.25,605.36,60,4054,3,88.37,1647.98,0.006744,111.481,25.81
11/2/2022,376.35,602.51,60,4054,3.75,90,1635.24,0.006761,111.345,25.86
11/3/2022,372.57,591.53,60,4054,3.75,88.17,1629.49,0.006745,112.93,25.3
11/4/2022,377.84,587.17,60,4054,3.75,92.61,1681.87,0.00682,110.877,24.55
11/7/2022,381.53,585.88,60,4054,3.75,91.79,1675.63,0.00682,110.12,24.35
11/8/2022,383.6,588.5,60,4054,3.75,88.91,1712.42,0.006864,109.636,25.54
11/9/2022,375.77,589.71,60,4054,3.75,85.83,1706.74,0.006827,110.549,26.09
11/10/2022,396.35,585.62,60,4054,3.75,86.47,1755.45,0.007093,108.206,23.53
11/11/2022,400.17,598.48,60,4054,3.75,88.96,1771.24,0.007204,106.292,22.52
11/14/2022,396.81,596.49,60,4054,3.75,85.87,1771.4,0.007148,106.66,23.73
11/15/2022,400.18,593.45,62.5,4054,3.75,86.92,1778.94,0.00718,106.404,24.54
11/16/2022,397.24,591.18,62.5,4054,3.75,85.59,1773.87,0.007169,106.281,24.11
11/17/2022,395.9,591.55,62.5,4054,3.75,81.64,1760.44,0.007132,106.694,23.93
11/18/2022,397.78,589.71,62.5,3931,3.75,80.08,1750.68,0.007124,106.93,23.12
11/21/2022,396.26,596.25,62.5,3931,3.75,79.73,1738.05,0.007036,107.835,22.36
11/22/2022,401.72,598.54,62.5,3931,3.75,80.9,1740.25,0.00708,107.222,21.29
11/23/2022,404.12,603.45,62.5,3931,3.75,77.84,1749.68,0.007163,106.076,20.35
11/24/2022,404.12,597.8,62.5,3931,3.75,77.84,1755.24,0.007218,106.076,20.42
11/25/2022,404.09,596.77,62.5,3931,3.75,77.84,1754.93,0.007184,105.959,20.5
11/28/2022,397.69,598.82,62.5,3931,3.75,77.24,1741.36,0.007197,106.681,22.21
11/29/2022,397.01,594.35,62.5,3931,3.75,78.2,1749.85,0.007213,106.822,21.89
11/30/2022,409.32,592.47,62.5,3931,3.75,80.55,1768.52,0.007243,105.95,20.58
12/1/2022,409.15,600.83,62.5,4009,3.75,81.22,1803.1,0.00739,104.728,19.84
12/2/2022,408.71,598.65,62.5,4009,3.75,79.98,1797.63,0.007445,104.545,19.06
12/5/2022,401.35,595.53,62.5,4009,3.75,76.93,1768.68,0.007313,105.289,20.75
12/6/2022,395.61,595.99,62.5,4009,3.75,74.25,1771.04,0.007299,105.578,22.17
12/7/2022,394.85,39.35,62.5,4009,3.75,72.01,1786.27,0.007319,105.1,22.68
12/8/2022,397.95,39.1,62.5,4009,3.75,71.46,1789.14,0.007317,104.774,22.29
12/9/2022,395.01,39.09,62.5,4009,3.75,71.02,1797.32,0.007323,104.81,22.83
12/12/2022,400.55,38.8,60,4009,3.75,73.17,1781.44,0.007264,105.131,25
12/13/2022,402.01,39.42,60,4009,3.75,75.39,1810.8,0.007375,103.98,22.55
12/14/2022,399.6,39.41,60,4009,4.25,77.28,1807.32,0.007381,103.77,21.14
12/15/2022,389.7,39.15,60,4009,4.25,76.11,1776.85,0.007258,104.558,22.83
12/16/2022,384.94,38.83,60,4009,4.25,74.29,1793.08,0.007321,104.701,22.62
12/19/2022,381.74,38.4,60,4078,4.25,75.61,1787.62,0.007304,104.721,22.42
12/20/2022,382.18,38.09,65,4078,4.25,76.09,1817.94,0.007591,103.965,21.48
12/21/2022,387.88,38.33,65,4078,4.25,78.14,1814.39,0.00755,104.162,20.07
12/22/2022,382.6,38.38,65,4078,4.25,77.36,1792.52,0.007556,104.433,21.97
12/23/2022,384.59,38.22,65,4078,4.25,79.46,1798.2,0.007524,104.314,20.87
12/26/2022,384.59,38.22,65,4078,4.25,79.46,1798.2,0.007526,104.314,20.87
12/27/2022,383.11,38.22,65,4078,4.25,79.53,1813.69,0.007491,104.179,21.65
12/28/2022,378.46,37.86,65,4078,4.25,78.96,1804.35,0.007436,104.463,22.14
12/29/2022,385.01,37.4,65,4078,4.25,78.4,1814.91,0.007517,103.836,21.44
12/30/2022,384.21,37.83,65,4078,4.25,80.26,1824.02,0.007627,103.522,21.67
1/2/2023,384.21,37.83,65,4078,4.25,80.26,1824.02,0.007645,103.522,21.67
1/3/2023,382.53,37.54,65,4078,4.25,76.93,1839.48,0.007633,104.518,22.9
1/4/2023,385.51,37.48,65,4078,4.25,72.84,1854.56,0.00754,104.248,22.01
1/5/2023,381.13,37.66,65,4078,4.25,73.67,1832.89,0.007496,105.042,22.46
1/6/2023,389.83,37.72,65,4078,4.25,73.77,1865.69,0.007571,103.879,21.13
1/9/2023,389.56,37.63,65,4078,4.25,74.63,1871.81,0.007582,103.001,21.97
1/10/2023,392.36,37.46,65,4078,4.25,75.12,1877.03,0.007561,103.236,20.58
1/11/2023,397.25,37.82,65,4078,4.25,77.41,1875.69,0.00755,103.188,21.09
1/12/2023,398.8,38.29,65,4078,4.25,78.39,1897.09,0.007737,102.246,18.83
1/13/2023,400.37,38.1,65,4078,4.25,79.86,1920.23,0.007821,102.204,18.35
1/16/2023,400.37,38.21,67.5,4078,4.25,79.86,1916.02,0.007778,102.204,19.49
1/17/2023,399.63,38.12,67.5,4078,4.25,80.18,1908.69,0.007805,102.39,19.36
1/18/2023,393.33,38.11,67.5,4078,4.25,79.48,1904.11,0.007758,102.363,20.34
1/19/2023,390.53,37.92,67.5,4078,4.25,80.33,1932.24,0.007786,102.058,20.52
1/20/2023,397.7,37.67,65,4050,4.25,81.31,1926.08,0.007716,102.012,19.85
1/23/2023,402.42,37.92,65,4050,4.25,81.27,1931.04,0.007653,102.138,19.81
1/24/2023,402.15,38.14,65,4050,4.25,79.78,1937.36,0.007682,101.918,19.2
1/25/2023,402.22,37.59,65,4050,4.25,79.85,1946.11,0.007716,101.641,19.08
1/26/2023,406.64,37.59,65,4050,4.25,81.01,1929.21,0.007679,101.839,18.73
1/27/2023,407.65,37.99,65,4050,4.25,79.68,1928.04,0.007699,101.927,18.51
1/30/2023,402.47,38.18,65,4050,4.25,77.9,1923.17,0.007669,102.276,19.94
1/31/2023,408.31,38.08,65,4050,4.25,78.87,1928.36,0.007687,102.097,19.4
2/1/2023,412.67,38.39,65,4050,4.5,76.41,1950.52,0.007753,101.217,17.87
2/2/2023,418.66,38.61,65,4050,4.5,75.88,1912.72,0.007771,101.75,18.73
2/3/2023,414.35,39.29,65,4050,4.5,73.39,1864.97,0.007623,102.915,18.33
2/6/2023,411.8,39.62,65,4050,4.5,74.11,1867.48,0.007538,103.621,19.43
2/7/2023,417.12,39.65,65,4050,4.5,77.14,1873.1,0.00763,103.427,18.66
2/8/2023,412.57,39.91,65,4050,4.5,78.47,1875.49,0.007611,103.409,19.63
2/9/2023,409.07,39.62,65,4050,4.5,78.06,1861.78,0.0076,103.221,20.71
2/10/2023,409.96,39.29,65,4050,4.5,79.72,1865.57,0.007613,103.63,20.53
2/13/2023,414.78,39.37,65,4050,4.5,80.14,1853.49,0.007552,103.345,20.34
2/14/2023,414.56,39.58,65,4050,4.5,79.06,1854.31,0.00751,103.233,18.91
2/15/2023,415.88,39.67,65,4050,4.5,78.59,1836.01,0.007454,103.923,18.23
2/16/2023,410.28,40.09,65,4050,4.5,78.49,1836.36,0.007466,103.856,20.17
2/17/2023,409.14,39.75,65,4050,4.5,76.34,1842.36,0.007454,103.862,20.02
2/20/2023,409.14,39.54,65,4050,4.5,76.34,1841.38,0.007449,103.862,21.23
2/21/2023,401.03,39.33,65,4050,4.5,76.16,1835.09,0.007407,104.176,22.87
2/22/2023,400.35,39.15,60,4050,4.5,73.75,1825.39,0.007416,104.585,22.29
2/23/2023,402.46,39.24,60,4050,4.5,75.24,1822.28,0.007424,104.598,21.14
2/24/2023,398.11,39.31,60,4050,4.5,76.32,1811.04,0.007327,105.214,21.67
2/27/2023,399.5,39.58,60,4050,4.5,75.68,1817.14,0.007343,104.673,20.95
2/28/2023,397.97,39.58,60,4050,4.5,77.05,1826.92,0.007344,104.869,20.7
3/1/2023,396.55,39.31,60,4050,4.5,77.69,1836.72,0.007343,104.483,20.58
3/2/2023,399.67,39.03,60,4050,4.5,78.16,1835.87,0.007311,105.027,19.59
3/3/2023,406.08,39.4,60,4050,4.5,79.68,1856.48,0.00736,104.521,18.49
3/6/2023,406.54,40.1,60,4050,4.5,80.46,1846.86,0.007357,104.35,18.61
3/7/2023,400.13,40.41,60,4050,4.5,77.58,1813.45,0.007291,105.615,19.59
3/8/2023,400.83,40.42,60,4050,4.5,76.66,1813.8,0.00728,105.658,19.11
3/9/2023,393.41,40.33,60,4050,4.5,75.72,1831.03,0.007345,105.309,22.61
3/10/2023,387.88,39.44,60,4050,4.5,76.68,1868.26,0.007406,104.576,24.8
3/13/2023,387.07,39.38,60,4050,4.5,74.8,1913.7,0.007507,103.595,26.52
3/14/2023,393.58,38.95,60,4050,4.5,71.33,1904.01,0.00745,103.597,23.73
3/15/2023,391.16,39.22,60,4050,4.5,67.61,1918.58,0.007495,104.646,26.14
3/16/2023,397.89,39.42,60,4050,4.5,68.35,1919.52,0.007477,104.418,22.99
3/17/2023,393.17,39.51,60,4050,4.5,66.74,1989.25,0.007585,103.708,25.51
3/20/2023,397.07,39.18,60,4050,4.5,67.64,1978.84,0.007615,103.281,24.15
3/21/2023,402.23,39.53,60,4050,4.5,69.33,1940.07,0.007547,103.256,21.38
3/22/2023,395.49,40.04,60,4050,4.75,70.8,1970.11,0.007608,102.346,22.26
3/23/2023,394.84,39.28,60,4050,4.75,69.96,1993.4,0.007643,102.532,22.61
3/24/2023,397.45,39.53,60,4050,4.75,69.31,1978.21,0.00765,103.116,21.74
3/27/2023,398.14,40.13,60,4050,4.75,72.81,1956.67,0.007601,102.857,20.6
3/28/2023,397.4,39.8,65,4050,4.75,73.2,1973.54,0.00764,102.43,19.97
3/29/2023,403.15,39.85,65,4050,4.75,72.97,1964.7,0.007527,102.64,19.12
3/30/2023,405.39,40.29,65,4050,4.75,74.37,1980.37,0.007536,102.144,19.02
3/31/2023,411.08,40.46,65,4050,4.75,75.67,1969.28,0.007527,102.506,18.7
4/3/2023,412.54,40.98,65,4050,4.75,80.42,1984.65,0.007549,102.093,18.55
4/4/2023,410.43,40.63,65,4050,4.75,80.71,2020.42,0.007592,101.586,19
4/5/2023,409.46,40.61,65,4050,4.75,80.61,2020.73,0.007615,101.852,19.08
4/6/2023,411.01,40.67,65,4050,4.75,80.7,2007.91,0.007588,101.822,18.4
4/7/2023,411.01,40.67,65,4050,4.75,80.7,2007.91,0.007567,102.092,18.4
4/10/2023,411.48,40.67,65,4050,4.75,79.74,1991.48,0.007485,102.578,18.97
4/11/2023,411.47,41.07,65,4050,4.75,81.53,2003.62,0.00748,102.204,19.1
4/12/2023,409.93,41.13,65,4050,4.75,83.26,2014.93,0.007511,101.5,19.09
4/13/2023,413.09,40.79,65,4050,4.75,82.62,2039.17,0.007551,100.933,18.09
