trade_id,asset,dt_enter,dt_exit,success,n,rtn
0,1,IVV,2021-01-05,,0,3,
1,2,IVV,2021-01-06,,0,3,
2,3,IVV,2021-01-07,,0,3,
3,4,IVV,2021-01-08,,0,3,
4,5,IVV,2021-01-11,2021-01-20,1,8,0.124%
5,6,IVV,2021-01-12,,0,3,
6,7,IVV,2021-01-13,2021-01-19,1,5,0.199%
7,8,IVV,2021-01-14,2021-01-20,1,5,0.199%
8,9,IVV,2021-01-15,2021-01-19,1,3,0.332%
9,10,IVV,2021-01-19,,0,3,
10,11,IVV,2021-01-20,,0,3,
11,12,IVV,2021-01-21,2021-01-25,1,3,0.331%
12,13,IVV,2021-01-22,2021-01-25,1,2,0.498%
13,14,IVV,2021-01-25,2021-01-25,1,1,0.994%
14,15,IVV,2021-01-26,2021-02-03,-1,7,0.048%
15,16,IVV,2021-01-27,2021-02-03,-1,6,0.080%
16,17,IVV,2021-01-28,2021-02-01,1,3,0.332%
17,18,IVV,2021-01-29,2021-02-02,1,3,0.331%
18,19,IVV,2021-02-01,,0,3,
19,20,IVV,2021-02-02,,0,3,
20,21,IVV,2021-02-03,,0,3,
21,22,IVV,2021-02-04,,0,3,
22,23,IVV,2021-02-05,,0,3,
23,24,IVV,2021-02-08,,0,3,
24,25,IVV,2021-02-09,2021-02-10,1,2,0.497%
25,26,IVV,2021-02-10,,0,3,
26,27,IVV,2021-02-11,,0,4,
27,28,IVV,2021-02-12,,0,4,
28,29,IVV,2021-02-16,2021-02-25,-1,8,-0.209%
29,30,IVV,2021-02-17,2021-02-19,1,3,0.332%
30,31,IVV,2021-02-18,2021-02-25,-1,6,-0.267%
31,32,IVV,2021-02-19,2021-02-24,1,4,0.249%
32,33,IVV,2021-02-22,2021-02-24,1,3,0.332%
33,34,IVV,2021-02-23,2021-02-23,1,1,0.996%
34,35,IVV,2021-02-24,2021-03-01,1,4,0.249%
35,36,IVV,2021-02-25,2021-03-04,-1,6,-0.486%
36,37,IVV,2021-02-26,2021-03-01,1,2,0.498%
37,38,IVV,2021-03-01,,0,3,
38,39,IVV,2021-03-02,2021-03-09,1,6,0.166%
39,40,IVV,2021-03-03,2021-03-08,1,4,0.249%
40,41,IVV,2021-03-04,2021-03-05,1,2,0.498%
41,42,IVV,2021-03-05,2021-03-05,1,1,0.994%
42,43,IVV,2021-03-08,,0,3,
43,44,IVV,2021-03-09,,0,3,
44,45,IVV,2021-03-10,,0,3,
45,46,IVV,2021-03-11,,0,3,
46,47,IVV,2021-03-12,,0,3,
47,48,IVV,2021-03-15,,0,3,
48,49,IVV,2021-03-16,2021-03-25,-1,8,-0.093%
49,50,IVV,2021-03-17,2021-03-25,-1,7,-0.086%
50,51,IVV,2021-03-18,2021-03-25,-1,6,-0.154%
51,52,IVV,2021-03-19,,0,3,
52,53,IVV,2021-03-22,,0,3,
53,54,IVV,2021-03-23,2021-03-26,1,4,0.249%
54,55,IVV,2021-03-24,2021-03-26,1,3,0.331%
55,56,IVV,2021-03-25,2021-03-25,1,1,0.994%
56,57,IVV,2021-03-26,,0,3,
57,58,IVV,2021-03-29,,0,3,
58,59,IVV,2021-03-30,,0,3,
59,60,IVV,2021-03-31,,0,4,
60,61,IVV,2021-04-01,,0,4,
61,62,IVV,2021-04-05,,0,3,
62,63,IVV,2021-04-06,,0,3,
63,64,IVV,2021-04-07,,0,3,
64,65,IVV,2021-04-08,,0,3,
65,66,IVV,2021-04-09,,0,3,
66,67,IVV,2021-04-12,,0,3,
67,68,IVV,2021-04-13,,0,3,
68,69,IVV,2021-04-14,,0,3,
69,70,IVV,2021-04-15,,0,3,
70,71,IVV,2021-04-16,2021-04-21,1,4,0.249%
71,72,IVV,2021-04-19,2021-04-23,1,5,0.199%
72,73,IVV,2021-04-20,2021-04-21,1,2,0.498%
73,74,IVV,2021-04-21,,0,3,
74,75,IVV,2021-04-22,2021-04-23,1,2,0.498%
75,76,IVV,2021-04-23,,0,3,
76,77,IVV,2021-04-26,,0,3,
77,78,IVV,2021-04-27,,0,3,
78,79,IVV,2021-04-28,,0,3,
79,80,IVV,2021-04-29,,0,3,
80,81,IVV,2021-04-30,2021-05-07,1,6,0.166%
81,82,IVV,2021-05-03,2021-05-05,1,3,0.332%
82,83,IVV,2021-05-04,2021-05-06,1,3,0.332%
83,84,IVV,2021-05-05,,0,3,
84,85,IVV,2021-05-06,,0,3,
85,86,IVV,2021-05-07,2021-05-18,-1,8,-0.087%
86,87,IVV,2021-05-10,2021-05-17,-1,6,-0.092%
87,88,IVV,2021-05-11,2021-05-18,-1,6,-0.074%
88,89,IVV,2021-05-12,2021-05-14,1,3,0.332%
89,90,IVV,2021-05-13,,0,3,
90,91,IVV,2021-05-14,,0,3,
91,92,IVV,2021-05-17,2021-05-20,1,4,0.249%
92,93,IVV,2021-05-18,2021-05-20,1,3,0.332%
93,94,IVV,2021-05-19,2021-05-20,1,2,0.497%
94,95,IVV,2021-05-20,,0,3,
95,96,IVV,2021-05-21,,0,3,
96,97,IVV,2021-05-24,,0,3,
97,98,IVV,2021-05-25,,0,3,
98,99,IVV,2021-05-26,,0,3,
99,100,IVV,2021-05-27,,0,4,
100,101,IVV,2021-05-28,,0,4,
101,102,IVV,2021-06-01,,0,3,
102,103,IVV,2021-06-02,,0,3,
103,104,IVV,2021-06-03,,0,3,
104,105,IVV,2021-06-04,,0,3,
105,106,IVV,2021-06-07,,0,3,
106,107,IVV,2021-06-08,,0,3,
107,108,IVV,2021-06-09,,0,3,
108,109,IVV,2021-06-10,,0,3,
109,110,IVV,2021-06-11,,0,3,
110,111,IVV,2021-06-14,2021-06-22,1,7,0.142%
111,112,IVV,2021-06-15,2021-06-22,1,6,0.166%
112,113,IVV,2021-06-16,2021-06-22,1,5,0.199%
113,114,IVV,2021-06-17,2021-06-21,1,3,0.331%
114,115,IVV,2021-06-18,2021-06-21,1,2,0.497%
115,116,IVV,2021-06-21,,0,3,
116,117,IVV,2021-06-22,,0,3,
117,118,IVV,2021-06-23,,0,3,
118,119,IVV,2021-06-24,,0,3,
119,120,IVV,2021-06-25,,0,3,
120,121,IVV,2021-06-28,,0,3,
121,122,IVV,2021-06-29,,0,3,
122,123,IVV,2021-06-30,,0,3,
123,124,IVV,2021-07-01,,0,4,
124,125,IVV,2021-07-02,,0,4,
125,126,IVV,2021-07-06,2021-07-09,1,4,0.249%
126,127,IVV,2021-07-07,2021-07-09,1,3,0.332%
127,128,IVV,2021-07-08,2021-07-09,1,2,0.498%
128,129,IVV,2021-07-09,,0,3,
129,130,IVV,2021-07-12,,0,3,
130,131,IVV,2021-07-13,2021-07-22,-1,8,0.081%
131,132,IVV,2021-07-14,2021-07-22,1,7,0.142%
132,133,IVV,2021-07-15,2021-07-23,1,7,0.142%
133,134,IVV,2021-07-16,2021-07-21,1,4,0.249%
134,135,IVV,2021-07-19,2021-07-20,1,2,0.498%
135,136,IVV,2021-07-20,,0,3,
136,137,IVV,2021-07-21,,0,3,
137,138,IVV,2021-07-22,,0,3,
138,139,IVV,2021-07-23,,0,3,
139,140,IVV,2021-07-26,,0,3,
140,141,IVV,2021-07-27,2021-07-29,1,3,0.332%
141,142,IVV,2021-07-28,,0,3,
142,143,IVV,2021-07-29,,0,3,
143,144,IVV,2021-07-30,2021-08-03,1,3,0.332%
144,145,IVV,2021-08-02,,0,3,
145,146,IVV,2021-08-03,,0,3,
146,147,IVV,2021-08-04,,0,3,
147,148,IVV,2021-08-05,,0,3,
148,149,IVV,2021-08-06,,0,3,
149,150,IVV,2021-08-09,,0,3,
150,151,IVV,2021-08-10,,0,3,
151,152,IVV,2021-08-11,,0,3,
152,153,IVV,2021-08-12,,0,3,
153,154,IVV,2021-08-13,,0,3,
154,155,IVV,2021-08-16,2021-08-23,1,6,0.166%
155,156,IVV,2021-08-17,2021-08-23,1,5,0.199%
156,157,IVV,2021-08-18,2021-08-23,1,4,0.248%
157,158,IVV,2021-08-19,,0,3,
158,159,IVV,2021-08-20,,0,3,
159,160,IVV,2021-08-23,,0,3,
160,161,IVV,2021-08-24,,0,3,
161,162,IVV,2021-08-25,,0,3,
162,163,IVV,2021-08-26,,0,3,
163,164,IVV,2021-08-27,,0,3,
164,165,IVV,2021-08-30,,0,3,
165,166,IVV,2021-08-31,,0,3,
166,167,IVV,2021-09-01,,0,3,
167,168,IVV,2021-09-02,,0,4,
168,169,IVV,2021-09-03,,0,4,
169,170,IVV,2021-09-07,,0,3,
170,171,IVV,2021-09-08,2021-09-17,-1,8,-0.121%
171,172,IVV,2021-09-09,2021-09-17,-1,7,-0.120%
172,173,IVV,2021-09-10,2021-09-20,-1,7,-0.299%
173,174,IVV,2021-09-13,,0,3,
174,175,IVV,2021-09-14,,0,3,
175,176,IVV,2021-09-15,,0,3,
176,177,IVV,2021-09-16,2021-09-24,-1,7,0.011%
177,178,IVV,2021-09-17,2021-09-24,-1,6,0.044%
178,179,IVV,2021-09-20,2021-09-23,1,4,0.249%
179,180,IVV,2021-09-21,,0,3,
180,181,IVV,2021-09-22,,0,3,
181,182,IVV,2021-09-23,,0,3,
182,183,IVV,2021-09-24,2021-10-05,-1,8,-0.208%
183,184,IVV,2021-09-27,2021-10-05,-1,7,-0.211%
184,185,IVV,2021-09-28,2021-10-05,-1,6,-0.194%
185,186,IVV,2021-09-29,2021-10-01,1,3,0.332%
186,187,IVV,2021-09-30,2021-10-01,1,2,0.498%
187,188,IVV,2021-10-01,,0,3,
188,189,IVV,2021-10-04,2021-10-05,1,2,0.498%
189,190,IVV,2021-10-05,,0,3,
190,191,IVV,2021-10-06,2021-10-06,1,1,0.994%
191,192,IVV,2021-10-07,,0,3,
192,193,IVV,2021-10-08,2021-10-14,1,5,0.199%
193,194,IVV,2021-10-11,2021-10-14,1,4,0.249%
194,195,IVV,2021-10-12,,0,3,
195,196,IVV,2021-10-13,,0,3,
196,197,IVV,2021-10-14,,0,3,
197,198,IVV,2021-10-15,,0,3,
198,199,IVV,2021-10-18,,0,3,
199,200,IVV,2021-10-19,,0,3,
200,201,IVV,2021-10-20,,0,3,
201,202,IVV,2021-10-21,,0,3,
202,203,IVV,2021-10-22,,0,3,
203,204,IVV,2021-10-25,,0,3,
204,205,IVV,2021-10-26,,0,3,
205,206,IVV,2021-10-27,,0,3,
206,207,IVV,2021-10-28,,0,3,
207,208,IVV,2021-10-29,,0,3,
208,209,IVV,2021-11-01,,0,3,
209,210,IVV,2021-11-02,,0,3,
210,211,IVV,2021-11-03,,0,3,
211,212,IVV,2021-11-04,,0,3,
212,213,IVV,2021-11-05,,0,3,
213,214,IVV,2021-11-08,2021-11-15,1,6,0.166%
214,215,IVV,2021-11-09,2021-11-16,1,6,0.166%
215,216,IVV,2021-11-10,2021-11-12,1,3,0.332%
216,217,IVV,2021-11-11,,0,3,
217,218,IVV,2021-11-12,,0,3,
218,219,IVV,2021-11-15,,0,3,
219,220,IVV,2021-11-16,,0,3,
220,221,IVV,2021-11-17,,0,3,
221,222,IVV,2021-11-18,,0,3,
222,223,IVV,2021-11-19,2021-12-01,-1,9,-0.353%
223,224,IVV,2021-11-22,,0,3,
224,225,IVV,2021-11-23,2021-12-03,-1,9,-0.231%
225,226,IVV,2021-11-24,2021-12-03,-1,8,-0.278%
226,227,IVV,2021-11-26,2021-12-03,-1,6,-0.413%
227,228,IVV,2021-11-29,2021-12-02,1,4,0.249%
228,229,IVV,2021-11-30,2021-12-01,1,2,0.498%
229,230,IVV,2021-12-01,2021-12-02,1,2,0.497%
230,231,IVV,2021-12-02,,0,3,
231,232,IVV,2021-12-03,2021-12-06,1,2,0.498%
232,233,IVV,2021-12-06,,0,3,
233,234,IVV,2021-12-07,,0,3,
234,235,IVV,2021-12-08,,0,3,
235,236,IVV,2021-12-09,2021-12-16,1,6,0.166%
236,237,IVV,2021-12-10,2021-12-15,1,4,0.249%
237,238,IVV,2021-12-13,2021-12-16,1,4,0.249%
238,239,IVV,2021-12-14,2021-12-15,1,2,0.497%
239,240,IVV,2021-12-15,,0,3,
240,241,IVV,2021-12-16,2021-12-23,1,6,0.166%
241,242,IVV,2021-12-17,2021-12-22,1,4,0.249%
242,243,IVV,2021-12-20,2021-12-21,1,2,0.497%
243,244,IVV,2021-12-21,,0,3,
244,245,IVV,2021-12-22,,0,4,
245,246,IVV,2021-12-23,,0,4,
246,247,IVV,2021-12-27,,0,3,
247,248,IVV,2021-12-28,,0,3,
248,249,IVV,2021-12-29,,0,3,
249,250,IVV,2021-12-30,,0,3,
250,251,IVV,2021-12-31,,0,3,
251,252,IVV,2022-01-03,2022-01-12,-1,8,0.023%
252,253,IVV,2022-01-04,2022-01-12,-1,7,-0.059%
253,254,IVV,2022-01-05,2022-01-12,-1,6,-0.063%
254,255,IVV,2022-01-06,2022-01-11,1,4,0.249%
255,256,IVV,2022-01-07,2022-01-11,1,3,0.331%
256,257,IVV,2022-01-10,2022-01-11,1,2,0.497%
257,258,IVV,2022-01-11,,0,3,
258,259,IVV,2022-01-12,2022-01-21,-1,8,-0.748%
259,260,IVV,2022-01-13,2022-01-21,-1,7,-0.893%
260,261,IVV,2022-01-14,2022-01-14,1,1,0.995%
261,262,IVV,2022-01-18,2022-01-25,-1,6,-0.951%
262,263,IVV,2022-01-19,2022-01-20,1,2,0.498%
263,264,IVV,2022-01-20,2022-01-27,-1,6,-0.607%
264,265,IVV,2022-01-21,2022-01-28,-1,6,-0.018%
265,266,IVV,2022-01-24,2022-01-24,1,1,0.996%
266,267,IVV,2022-01-25,2022-01-26,1,2,0.497%
267,268,IVV,2022-01-26,2022-01-27,1,2,0.497%
268,269,IVV,2022-01-27,2022-01-28,1,2,0.497%
269,270,IVV,2022-01-28,,0,3,
270,271,IVV,2022-01-31,,0,3,
271,272,IVV,2022-02-01,,0,3,
272,273,IVV,2022-02-02,2022-02-09,1,6,0.166%
273,274,IVV,2022-02-03,2022-02-09,1,5,0.199%
274,275,IVV,2022-02-04,,0,3,
275,276,IVV,2022-02-07,,0,3,
276,277,IVV,2022-02-08,,0,3,
277,278,IVV,2022-02-09,2022-02-18,-1,8,-0.345%
278,279,IVV,2022-02-10,2022-02-17,-1,6,-0.589%
279,280,IVV,2022-02-11,2022-02-18,-1,6,-0.408%
280,281,IVV,2022-02-14,2022-02-15,1,2,0.498%
281,282,IVV,2022-02-15,,0,3,
282,283,IVV,2022-02-16,2022-02-25,-1,8,-0.111%
283,284,IVV,2022-02-17,2022-02-25,-1,7,-0.143%
284,285,IVV,2022-02-18,2022-02-25,1,6,0.166%
285,286,IVV,2022-02-22,2022-02-25,1,4,0.249%
286,287,IVV,2022-02-23,2022-02-25,1,3,0.332%
287,288,IVV,2022-02-24,2022-02-24,1,1,0.994%
288,289,IVV,2022-02-25,,0,3,
289,290,IVV,2022-02-28,2022-03-02,1,3,0.332%
290,291,IVV,2022-03-01,2022-03-02,1,2,0.497%
291,292,IVV,2022-03-02,,0,3,
292,293,IVV,2022-03-03,2022-03-11,-1,7,-0.446%
293,294,IVV,2022-03-04,2022-03-11,-1,6,-0.440%
294,295,IVV,2022-03-07,2022-03-14,-1,6,-0.424%
295,296,IVV,2022-03-08,2022-03-09,1,2,0.498%
296,297,IVV,2022-03-09,,0,3,
297,298,IVV,2022-03-10,2022-03-11,1,2,0.497%
298,299,IVV,2022-03-11,2022-03-15,1,3,0.332%
299,300,IVV,2022-03-14,2022-03-15,1,2,0.498%
300,301,IVV,2022-03-15,,0,3,
301,302,IVV,2022-03-16,,0,3,
302,303,IVV,2022-03-17,,0,3,
303,304,IVV,2022-03-18,,0,3,
304,305,IVV,2022-03-21,,0,3,
305,306,IVV,2022-03-22,,0,3,
306,307,IVV,2022-03-23,2022-03-25,1,3,0.332%
307,308,IVV,2022-03-24,,0,3,
308,309,IVV,2022-03-25,,0,3,
309,310,IVV,2022-03-28,,0,3,
310,311,IVV,2022-03-29,,0,3,
311,312,IVV,2022-03-30,2022-04-06,-1,6,-0.387%
312,313,IVV,2022-03-31,2022-04-07,-1,6,-0.201%
313,314,IVV,2022-04-01,,0,3,
314,315,IVV,2022-04-04,2022-04-13,-1,8,-0.141%
315,316,IVV,2022-04-05,2022-04-12,-1,6,-0.528%
316,317,IVV,2022-04-06,2022-04-13,-1,6,-0.118%
317,318,IVV,2022-04-07,2022-04-19,-1,9,0.074%
318,319,IVV,2022-04-08,2022-04-19,-1,8,0.021%
319,320,IVV,2022-04-11,2022-04-19,-1,7,0.062%
320,321,IVV,2022-04-12,,0,3,
321,322,IVV,2022-04-13,,0,4,
322,323,IVV,2022-04-14,2022-04-19,1,4,0.249%
323,324,IVV,2022-04-18,,0,3,
324,325,IVV,2022-04-19,,0,3,
325,326,IVV,2022-04-20,2022-04-28,-1,7,-0.420%
326,327,IVV,2022-04-21,2022-04-28,-1,6,-0.475%
327,328,IVV,2022-04-22,2022-04-29,-1,6,-0.869%
328,329,IVV,2022-04-25,2022-04-25,1,1,0.996%
329,330,IVV,2022-04-26,2022-04-28,1,3,0.332%
330,331,IVV,2022-04-27,2022-05-03,1,5,0.199%
331,332,IVV,2022-04-28,2022-05-03,1,4,0.249%
332,333,IVV,2022-04-29,2022-05-04,1,4,0.249%
333,334,IVV,2022-05-02,2022-05-02,1,1,0.994%
334,335,IVV,2022-05-03,2022-05-06,1,4,0.249%
335,336,IVV,2022-05-04,2022-05-12,-1,7,-0.713%
336,337,IVV,2022-05-05,2022-05-12,-1,6,-1.326%
337,338,IVV,2022-05-06,2022-05-13,-1,6,-0.323%
338,339,IVV,2022-05-09,2022-05-16,-1,6,-0.303%
339,340,IVV,2022-05-10,2022-05-13,1,4,0.249%
340,341,IVV,2022-05-11,2022-05-13,1,3,0.332%
341,342,IVV,2022-05-12,2022-05-13,1,2,0.497%
342,343,IVV,2022-05-13,,0,3,
343,344,IVV,2022-05-16,2022-05-17,1,2,0.497%
344,345,IVV,2022-05-17,2022-05-25,-1,7,0.056%
345,346,IVV,2022-05-18,2022-05-25,-1,6,-0.277%
346,347,IVV,2022-05-19,2022-05-20,1,2,0.498%
347,348,IVV,2022-05-20,2022-05-20,1,1,0.995%
348,349,IVV,2022-05-23,,0,3,
349,350,IVV,2022-05-24,2022-05-25,1,2,0.498%
350,351,IVV,2022-05-25,,0,3,
351,352,IVV,2022-05-26,,0,4,
352,353,IVV,2022-05-27,,0,4,
353,354,IVV,2022-05-31,2022-06-01,1,2,0.497%
354,355,IVV,2022-06-01,2022-06-02,1,2,0.498%
355,356,IVV,2022-06-02,,0,3,
356,357,IVV,2022-06-03,2022-06-10,-1,6,-1.033%
357,358,IVV,2022-06-06,,0,3,
358,359,IVV,2022-06-07,2022-06-07,1,1,0.994%
359,360,IVV,2022-06-08,2022-06-15,-1,6,-1.423%
360,361,IVV,2022-06-09,2022-06-16,-1,6,-1.799%
361,362,IVV,2022-06-10,2022-06-17,-1,6,-1.320%
362,363,IVV,2022-06-13,2022-06-21,-1,7,-0.345%
363,364,IVV,2022-06-14,2022-06-15,1,2,0.497%
364,365,IVV,2022-06-15,2022-06-21,1,5,0.199%
365,366,IVV,2022-06-16,2022-06-22,1,5,0.199%
366,367,IVV,2022-06-17,,0,4,
367,368,IVV,2022-06-21,,0,3,
368,369,IVV,2022-06-22,2022-06-23,1,2,0.497%
369,370,IVV,2022-06-23,,0,3,
370,371,IVV,2022-06-24,,0,3,
371,372,IVV,2022-06-27,2022-07-06,-1,8,-0.091%
372,373,IVV,2022-06-28,2022-07-06,-1,7,-0.051%
373,374,IVV,2022-06-29,2022-07-01,1,3,0.332%
374,375,IVV,2022-06-30,2022-07-01,1,2,0.498%
375,376,IVV,2022-07-01,2022-07-05,1,3,0.331%
376,377,IVV,2022-07-05,2022-07-05,1,1,0.994%
377,378,IVV,2022-07-06,,0,3,
378,379,IVV,2022-07-07,,0,3,
379,380,IVV,2022-07-08,2022-07-18,1,7,0.142%
380,381,IVV,2022-07-11,2022-07-18,1,6,0.166%
381,382,IVV,2022-07-12,2022-07-15,1,4,0.249%
382,383,IVV,2022-07-13,2022-07-15,1,3,0.332%
383,384,IVV,2022-07-14,2022-07-15,1,2,0.498%
384,385,IVV,2022-07-15,,0,3,
385,386,IVV,2022-07-18,2022-07-19,1,2,0.497%
386,387,IVV,2022-07-19,,0,3,
387,388,IVV,2022-07-20,,0,3,
388,389,IVV,2022-07-21,,0,3,
389,390,IVV,2022-07-22,2022-07-27,1,4,0.249%
390,391,IVV,2022-07-25,2022-07-27,1,3,0.331%
391,392,IVV,2022-07-26,2022-07-27,1,2,0.498%
392,393,IVV,2022-07-27,,0,3,
393,394,IVV,2022-07-28,,0,3,
394,395,IVV,2022-07-29,,0,3,
395,396,IVV,2022-08-01,2022-08-03,1,3,0.332%
396,397,IVV,2022-08-02,,0,3,
397,398,IVV,2022-08-03,,0,3,
398,399,IVV,2022-08-04,2022-08-08,1,3,0.332%
399,400,IVV,2022-08-05,2022-08-08,1,2,0.497%
400,401,IVV,2022-08-08,,0,3,
401,402,IVV,2022-08-09,,0,3,
402,403,IVV,2022-08-10,,0,3,
403,404,IVV,2022-08-11,,0,3,
404,405,IVV,2022-08-12,,0,3,
405,406,IVV,2022-08-15,,0,3,
406,407,IVV,2022-08-16,2022-08-24,-1,7,-0.373%
407,408,IVV,2022-08-17,2022-08-24,-1,6,-0.470%
408,409,IVV,2022-08-18,2022-08-26,-1,7,-0.592%
409,410,IVV,2022-08-19,2022-08-26,-1,6,-0.739%
410,411,IVV,2022-08-22,2022-08-29,-1,6,-0.618%
411,412,IVV,2022-08-23,,0,3,
412,413,IVV,2022-08-24,2022-09-02,-1,8,-0.501%
413,414,IVV,2022-08-25,2022-09-02,-1,7,-0.617%
414,415,IVV,2022-08-26,2022-09-02,-1,6,-0.953%
415,416,IVV,2022-08-29,2022-09-07,-1,8,-0.106%
416,417,IVV,2022-08-30,2022-09-07,-1,7,-0.034%
417,418,IVV,2022-08-31,2022-09-02,1,3,0.332%
418,419,IVV,2022-09-01,2022-09-01,1,1,0.995%
419,420,IVV,2022-09-02,2022-09-07,1,4,0.249%
420,421,IVV,2022-09-06,,0,3,
421,422,IVV,2022-09-07,,0,3,
422,423,IVV,2022-09-08,,0,3,
423,424,IVV,2022-09-09,2022-09-20,-1,8,-0.344%
424,425,IVV,2022-09-12,2022-09-20,-1,7,-0.619%
425,426,IVV,2022-09-13,2022-09-20,-1,6,-0.901%
426,427,IVV,2022-09-14,2022-09-22,-1,7,-0.502%
427,428,IVV,2022-09-15,2022-09-22,-1,6,-0.649%
428,429,IVV,2022-09-16,2022-09-19,1,2,0.497%
429,430,IVV,2022-09-19,2022-09-21,1,3,0.331%
430,431,IVV,2022-09-20,2022-09-21,1,2,0.497%
431,432,IVV,2022-09-21,2022-09-28,-1,6,-0.513%
432,433,IVV,2022-09-22,2022-09-29,-1,6,-0.572%
433,434,IVV,2022-09-23,2022-09-30,-1,6,-0.694%
434,435,IVV,2022-09-26,2022-09-27,1,2,0.498%
435,436,IVV,2022-09-27,2022-09-30,1,4,0.249%
436,437,IVV,2022-09-28,2022-09-30,1,3,0.331%
437,438,IVV,2022-09-29,2022-10-04,1,4,0.249%
438,439,IVV,2022-09-30,2022-10-03,1,2,0.498%
439,440,IVV,2022-10-03,,0,3,
440,441,IVV,2022-10-04,,0,3,
441,442,IVV,2022-10-05,2022-10-06,1,2,0.498%
442,443,IVV,2022-10-06,2022-10-13,-1,6,-0.324%
443,444,IVV,2022-10-07,2022-10-14,-1,6,-0.545%
444,445,IVV,2022-10-10,2022-10-11,1,2,0.498%
445,446,IVV,2022-10-11,2022-10-13,1,3,0.332%
446,447,IVV,2022-10-12,2022-10-13,1,2,0.498%
447,448,IVV,2022-10-13,2022-10-13,1,1,0.994%
448,449,IVV,2022-10-14,2022-10-17,1,2,0.498%
449,450,IVV,2022-10-17,,0,3,
450,451,IVV,2022-10-18,,0,3,
451,452,IVV,2022-10-19,2022-10-20,1,2,0.498%
452,453,IVV,2022-10-20,2022-10-21,1,2,0.497%
453,454,IVV,2022-10-21,,0,3,
454,455,IVV,2022-10-24,,0,3,
455,456,IVV,2022-10-25,,0,3,
456,457,IVV,2022-10-26,2022-10-28,1,3,0.332%
457,458,IVV,2022-10-27,,0,3,
458,459,IVV,2022-10-28,,0,3,
459,460,IVV,2022-10-31,2022-11-08,-1,7,-0.112%
460,461,IVV,2022-11-01,2022-11-09,-1,7,-0.306%
461,462,IVV,2022-11-02,2022-11-08,1,5,0.199%
462,463,IVV,2022-11-03,2022-11-04,1,2,0.498%
463,464,IVV,2022-11-04,,0,3,
464,465,IVV,2022-11-07,,0,3,
465,466,IVV,2022-11-08,2022-11-10,1,3,0.332%
466,467,IVV,2022-11-09,2022-11-10,1,2,0.498%
467,468,IVV,2022-11-10,,0,3,
468,469,IVV,2022-11-11,,0,3,
469,470,IVV,2022-11-14,,0,3,
470,471,IVV,2022-11-15,2022-11-18,1,4,0.249%
471,472,IVV,2022-11-16,2022-11-22,1,5,0.199%
472,473,IVV,2022-11-17,2022-11-18,1,2,0.497%
473,474,IVV,2022-11-18,,0,3,
474,475,IVV,2022-11-21,,0,3,
475,476,IVV,2022-11-22,,0,4,
476,477,IVV,2022-11-23,2022-11-30,1,6,0.166%
477,478,IVV,2022-11-25,2022-11-30,1,4,0.249%
478,479,IVV,2022-11-28,2022-11-30,1,3,0.332%
479,480,IVV,2022-11-29,,0,3,
480,481,IVV,2022-11-30,,0,3,
481,482,IVV,2022-12-01,2022-12-09,-1,7,-0.365%
482,483,IVV,2022-12-02,2022-12-09,-1,6,-0.419%
483,484,IVV,2022-12-05,2022-12-12,-1,6,-0.168%
484,485,IVV,2022-12-06,2022-12-13,1,6,0.166%
485,486,IVV,2022-12-07,,0,3,
486,487,IVV,2022-12-08,,0,3,
487,488,IVV,2022-12-09,,0,3,
488,489,IVV,2022-12-12,,0,3,
489,490,IVV,2022-12-13,2022-12-21,-1,7,-0.315%
490,491,IVV,2022-12-14,2022-12-21,-1,6,-0.429%
491,492,IVV,2022-12-15,2022-12-22,-1,6,-0.557%
492,493,IVV,2022-12-16,2022-12-23,-1,6,-0.052%
493,494,IVV,2022-12-19,2022-12-21,1,3,0.332%
494,495,IVV,2022-12-20,2022-12-22,1,3,0.332%
495,496,IVV,2022-12-21,2022-12-22,1,2,0.497%
496,497,IVV,2022-12-22,2022-12-30,-1,7,0.008%
497,498,IVV,2022-12-23,2022-12-29,1,5,0.199%
498,499,IVV,2022-12-27,2022-12-29,1,3,0.332%
499,500,IVV,2022-12-28,2022-12-29,1,2,0.497%
500,501,IVV,2022-12-29,,0,4,
501,502,IVV,2022-12-30,2023-01-03,1,3,0.332%
502,503,IVV,2023-01-03,2023-01-04,1,2,0.497%
503,504,IVV,2023-01-04,,0,3,
504,505,IVV,2023-01-05,2023-01-06,1,2,0.498%
505,506,IVV,2023-01-06,,0,3,
506,507,IVV,2023-01-09,,0,3,
507,508,IVV,2023-01-10,,0,3,
508,509,IVV,2023-01-11,,0,3,
509,510,IVV,2023-01-12,,0,4,
510,511,IVV,2023-01-13,2023-01-23,1,7,0.142%
511,512,IVV,2023-01-17,2023-01-23,1,5,0.199%
512,513,IVV,2023-01-18,2023-01-23,1,4,0.249%
513,514,IVV,2023-01-19,2023-01-20,1,2,0.497%
514,515,IVV,2023-01-20,,0,3,
515,516,IVV,2023-01-23,,0,3,
516,517,IVV,2023-01-24,2023-01-26,1,3,0.331%
517,518,IVV,2023-01-25,2023-01-25,1,1,0.995%
518,519,IVV,2023-01-26,,0,3,
519,520,IVV,2023-01-27,2023-01-31,1,3,0.332%
520,521,IVV,2023-01-30,2023-01-31,1,2,0.498%
521,522,IVV,2023-01-31,,0,3,
522,523,IVV,2023-02-01,2023-02-01,1,1,0.994%
523,524,IVV,2023-02-02,,0,3,
524,525,IVV,2023-02-03,2023-02-10,-1,6,-0.182%
525,526,IVV,2023-02-06,2023-02-07,1,2,0.497%
526,527,IVV,2023-02-07,,0,3,
527,528,IVV,2023-02-08,2023-02-15,-1,6,0.118%
528,529,IVV,2023-02-09,2023-02-13,1,3,0.331%
529,530,IVV,2023-02-10,,0,3,
530,531,IVV,2023-02-13,,0,3,
531,532,IVV,2023-02-14,2023-02-15,1,2,0.498%
532,533,IVV,2023-02-15,2023-02-24,-1,8,-0.380%
533,534,IVV,2023-02-16,2023-02-24,-1,7,-0.480%
534,535,IVV,2023-02-17,2023-02-27,-1,7,-0.237%
535,536,IVV,2023-02-21,2023-02-28,-1,6,-0.294%
536,537,IVV,2023-02-22,2023-02-27,1,4,0.249%
537,538,IVV,2023-02-23,2023-02-27,1,3,0.331%
538,539,IVV,2023-02-24,2023-02-27,1,2,0.497%
539,540,IVV,2023-02-27,,0,3,
540,541,IVV,2023-02-28,2023-03-02,1,3,0.332%
541,542,IVV,2023-03-01,,0,3,
542,543,IVV,2023-03-02,,0,3,
543,544,IVV,2023-03-03,,0,3,
544,545,IVV,2023-03-06,2023-03-14,-1,7,-0.303%
545,546,IVV,2023-03-07,2023-03-14,-1,6,-0.372%
546,547,IVV,2023-03-08,2023-03-16,-1,7,0.063%
547,548,IVV,2023-03-09,2023-03-16,-1,6,0.045%
548,549,IVV,2023-03-10,2023-03-14,1,3,0.331%
549,550,IVV,2023-03-13,2023-03-14,1,2,0.498%
550,551,IVV,2023-03-14,,0,3,
551,552,IVV,2023-03-15,2023-03-16,1,2,0.498%
552,553,IVV,2023-03-16,,0,3,
553,554,IVV,2023-03-17,2023-03-21,1,3,0.332%
554,555,IVV,2023-03-20,,0,3,
555,556,IVV,2023-03-21,2023-03-24,1,4,0.249%
556,557,IVV,2023-03-22,2023-03-29,1,6,0.166%
557,558,IVV,2023-03-23,2023-03-24,1,2,0.498%
558,559,IVV,2023-03-24,,0,3,
559,560,IVV,2023-03-27,,0,3,
560,561,IVV,2023-03-28,,0,3,
561,562,IVV,2023-03-29,,0,3,
562,563,IVV,2023-03-30,,0,3,
563,564,IVV,2023-03-31,,0,3,
564,565,IVV,2023-04-03,,0,3,
565,566,IVV,2023-04-04,2023-04-11,1,6,0.166%
566,567,IVV,2023-04-05,,0,4,
567,568,IVV,2023-04-06,,0,4,
568,569,IVV,2023-04-10,,0,3,
569,570,IVV,2023-04-11,,0,3,
570,571,IVV,2023-04-12,,,,
571,572,IVV,2023-04-13,,,,
572,573,IVV,2023-04-14,,,,
